fecha,trigo,maiz,soja,valor_usd,trigo_usd,maiz_usd,soja_usd
2024-01-24,184400.0,155000.0,275000.0,822.4,224.22178988326849,188.4727626459144,334.38715953307394
2024-01-25,184900.0,155500.0,275000.0,823.0,224.6658566221142,188.94289185905225,334.1433778857837
2024-01-26,185000.0,155000.0,267500.0,823.5,224.6508803885853,188.22100789313905,324.83302975106255
2024-01-29,180000.0,154000.0,265000.0,825.2,218.12893843916626,186.62142510906446,321.13427047988364
2024-01-30,184900.0,155000.0,269500.0,825.7,223.93120988252392,187.7195107181785,326.38972992612327
2024-01-31,185000.0,155000.0,265000.0,826.4,223.8625363020329,187.56050338818974,320.66795740561474
2024-02-01,183000.0,154900.0,265500.0,826.9,221.3085016326037,187.32615793929133,321.07872777844966
2024-02-02,188800.0,152000.0,265500.0,827.3,228.21225673878885,183.73020669648255,320.9234860389218
2024-02-05,181800.0,151000.0,265300.0,829.0,219.30036188178528,182.1471652593486,320.0241254523522
2024-02-06,181800.0,150000.0,265000.0,829.5,219.16817359855335,180.83182640144665,319.46955997588907
2024-02-07,181000.0,151000.0,261950.0,830.2,218.01975427607803,181.88388340158997,315.52637918573834
2024-02-08,183000.0,150000.0,261000.0,830.6,220.32265831928726,180.5923428846617,314.23067661931134
2024-02-09,184900.0,148000.0,260000.0,831.3,222.4227114158547,178.03440394562733,312.7631420666426
2024-02-14,180000.0,149800.0,253000.0,833.9,215.85321981052886,179.63784626454012,303.39369228924335
2024-02-15,180000.0,147500.0,250000.0,834.5,215.69802276812462,176.75254643499102,299.58058717795086
2024-02-16,175500.0,144400.0,250000.0,835.0,210.17964071856287,172.93413173652695,299.4011976047904
2024-02-19,171000.0,141500.0,245000.0,836.7,204.37432771602724,169.11676825624477,292.81701924226127
2024-02-20,170000.0,143000.0,247300.0,837.2,203.0578117534639,170.80745341614906,295.38939321548014
2024-02-21,170000.0,140800.0,245000.0,837.9,202.88817281298486,168.03914548275452,292.39766081871346
2024-02-22,170000.0,139500.0,240000.0,838.3,202.79136347369678,166.40820708576882,286.29368960992485
2024-02-23,170000.0,135000.0,240000.0,838.9,202.64632256526403,160.92502086065085,286.0889259744904
2024-02-26,170000.0,135100.0,240000.0,840.6,202.23649773970973,160.7185343802046,285.5103497501784
2024-02-27,170000.0,139800.0,241000.0,841.1,202.1162763048389,166.21091427892046,286.52954464391865
2024-02-28,170000.0,140500.0,242500.0,841.7,201.9721991208269,166.92408221456574,288.1074016870619
2024-02-29,170000.0,141000.0,243500.0,842.2,201.85229161719306,167.4186654001425,289.1237235810971
2024-03-01,169500.0,144000.0,248000.0,842.5,201.18694362017803,170.91988130563797,294.3620178041543
2024-03-04,170500.0,144000.0,249000.0,844.0,202.01421800947867,170.61611374407582,295.02369668246445
2024-03-05,170500.0,144000.0,250000.0,845.0,201.77514792899407,170.41420118343194,295.85798816568047
2024-03-06,170000.0,144500.0,250000.0,845.5,201.06445890005912,170.90479006505026,295.68302779420463
2024-03-07,170000.0,146000.0,249500.0,846.0,200.94562647754137,172.57683215130024,294.91725768321515
2024-03-08,169900.0,147000.0,250000.0,846.5,200.70880094506794,173.65623154164206,295.33372711163616
2024-03-11,169900.0,147000.0,248000.0,848.0,200.35377358490567,173.3490566037736,292.45283018867923
2024-03-12,170000.0,149000.0,250000.0,848.5,200.35356511490866,175.6040070713023,294.6375957572186
2024-03-13,170000.0,150000.0,251000.0,849.5,200.11771630370805,176.57445556209535,295.4679223072396
2024-03-14,169800.0,151500.0,251950.0,850.0,199.76470588235293,178.23529411764707,296.4117647058824
2024-03-15,170000.0,150000.0,251000.0,850.5,199.88242210464432,176.3668430335097,295.12051734273956
2024-03-18,170000.0,149000.0,253000.0,852.5,199.41348973607037,174.7800586510264,296.7741935483871
2024-03-19,171000.0,150000.0,256000.0,853.0,200.46893317702228,175.84994138335287,300.1172332942556
2024-03-20,172000.0,151000.0,260000.0,853.0,201.64126611957795,177.02227432590857,304.8065650644783
2024-03-21,172000.0,151000.0,264000.0,854.0,201.40515222482435,176.81498829039813,309.1334894613583
2024-03-22,172000.0,148300.0,259500.0,854.5,201.28730251609127,173.5517846693973,303.6863662960796
2024-03-25,172000.0,145000.0,254900.0,856.0,200.93457943925233,169.39252336448598,297.7803738317757
2024-03-26,172000.0,145000.0,250000.0,856.5,200.81727962638647,169.29363689433742,291.8855808523059
2024-03-27,172000.0,141000.0,245000.0,858.0,200.46620046620046,164.33566433566435,285.54778554778557
2024-04-03,171000.0,143700.0,242000.0,861.0,198.60627177700349,166.89895470383274,281.068524970964
2024-04-04,174000.0,145000.0,245000.0,861.5,201.97330237957053,168.31108531630878,284.38769587928033
2024-04-05,175000.0,145000.0,250000.0,862.5,202.8985507246377,168.1159420289855,289.8550724637681
2024-04-08,175000.0,147000.0,247500.0,864.0,202.5462962962963,170.13888888888889,286.4583333333333
2024-04-09,175000.0,149000.0,250000.0,864.5,202.42914979757086,172.35396182764603,289.1844997108155
2024-04-10,178000.0,150000.0,250500.0,865.0,205.78034682080926,173.41040462427745,289.59537572254334
2024-04-11,180000.0,150500.0,251000.0,865.5,207.97227036395148,173.88792605430388,290.0057770075101
2024-04-12,185000.0,152500.0,252500.0,866.5,213.50259665320254,175.99538372763993,291.40219272937105
2024-04-15,185500.0,151000.0,251000.0,868.0,213.70967741935485,173.963133640553,289.1705069124424
2024-04-16,189800.0,152000.0,251000.0,868.5,218.5377086931491,175.01439263097294,289.0040299366724
2024-04-17,191000.0,154000.0,251000.0,869.5,219.66647498562392,177.11328349626223,288.67165037377805
2024-04-18,191500.0,154000.0,249800.0,870.0,220.11494252873564,177.01149425287358,287.1264367816092
2024-04-19,193000.0,155000.0,250000.0,871.5,221.45725760183592,177.85427423981642,286.8617326448652
2024-04-22,197000.0,156500.0,250000.0,872.0,225.91743119266056,179.4724770642202,286.697247706422
2024-04-23,197500.0,158000.0,250500.0,872.5,226.36103151862463,181.0888252148997,287.10601719197706
2024-04-24,200000.0,158500.0,250500.0,873.0,229.0950744558992,181.5578465063001,286.94158075601376
2024-04-25,200000.0,159700.0,251500.0,874.0,228.83295194508008,182.72311212814645,287.75743707093824
2024-04-26,200000.0,160000.0,252000.0,875.0,228.57142857142858,182.85714285714286,288.0
2024-04-29,200000.0,158000.0,252000.0,876.5,228.18026240730177,180.2624073017684,287.50713063320023
2024-04-30,200000.0,158000.0,250000.0,876.5,228.18026240730177,180.2624073017684,285.2253280091272
2024-05-02,200000.0,160000.0,255000.0,878.0,227.79043280182233,182.23234624145786,290.4328018223235
2024-05-03,210000.0,163000.0,261000.0,878.5,239.0438247011952,185.54354012521344,297.0973249857712
2024-05-06,210000.0,165000.0,265000.0,880.0,238.63636363636363,187.5,301.1363636363636
2024-05-07,210000.0,167000.0,271500.0,880.5,238.5008517887564,189.6649630891539,308.34752981260647
2024-05-08,211000.0,165000.0,274000.0,881.5,239.36471922858763,187.18094157685763,310.8338060124787
2024-05-09,218000.0,160000.0,260000.0,882.0,247.16553287981858,181.40589569160997,294.7845804988662
2024-05-10,220000.0,162000.0,260000.0,882.5,249.29178470254956,183.56940509915015,294.61756373937675
2024-05-13,220500.0,164700.0,261800.0,884.0,249.4343891402715,186.31221719457014,296.15384615384613
2024-05-14,230000.0,165000.0,263500.0,885.0,259.88700564971754,186.4406779661017,297.7401129943503
2024-05-15,232000.0,160500.0,269900.0,885.5,261.99887069452285,181.25352907961604,304.79954827780915
2024-05-16,234000.0,156500.0,270500.0,886.0,264.1083521444695,176.63656884875846,305.30474040632055
2024-05-17,238000.0,154000.0,272000.0,886.5,268.47151720248166,173.71686407219403,306.8245910885505
2024-05-20,235000.0,154500.0,277000.0,888.5,264.49071468767585,173.8885762521103,311.76139561057965
2024-05-21,237000.0,155000.0,278000.0,889.0,266.5916760404949,174.35320584926885,312.710911136108
2024-05-22,242000.0,157000.0,284500.0,889.5,272.0629567172569,176.50365373805508,319.8426082068578
2024-05-23,247000.0,162000.0,289000.0,890.0,277.5280898876405,182.02247191011236,324.7191011235955
2024-05-24,248500.0,163000.0,285000.0,890.5,279.056709713644,183.04323413812466,320.0449185850646
2024-05-27,249000.0,163000.0,285000.0,893.5,278.6793508673755,182.42865137101288,318.97034135422496
2024-05-28,249000.0,163000.0,285000.0,893.5,278.6793508673755,182.42865137101288,318.97034135422496
2024-05-29,249000.0,162500.0,289500.0,893.5,278.6793508673755,181.86905428091774,324.0067151650811
2024-05-30,248000.0,159000.0,289500.0,894.0,277.4049217002237,177.8523489932886,323.8255033557047
2024-05-31,246000.0,158000.0,290000.0,895.5,274.7068676716918,176.43774427694026,323.84142936906755
2024-06-03,240000.0,158000.0,285000.0,897.0,267.55852842809367,176.14269788182833,317.7257525083612
2024-06-04,240000.0,160000.0,282000.0,897.0,267.55852842809367,178.37235228539578,314.38127090301003
2024-06-05,238000.0,161500.0,282000.0,898.5,264.8859209794101,179.74401780745688,313.85642737896495
2024-06-06,235000.0,165000.0,290000.0,898.0,261.6926503340757,183.74164810690422,322.93986636971044
2024-06-07,233000.0,163500.0,285000.0,899.0,259.17686318131257,181.86874304783092,317.01890989988874
2024-06-10,229500.0,165000.0,290000.0,902.0,254.43458980044346,182.9268292682927,321.50776053215077
2024-06-11,230000.0,165000.0,291000.0,902.0,254.9889135254989,182.9268292682927,322.61640798226165
2024-06-12,230000.0,165500.0,292000.0,901.5,255.13033832501387,183.58291735995562,323.90460343871325
2024-06-13,230000.0,166800.0,293000.0,902.0,254.9889135254989,184.92239467849225,324.83370288248335
2024-06-14,229900.0,165000.0,293000.0,903.5,254.45489762036524,182.62313226342005,324.2944106253459
2024-06-18,224900.0,164000.0,285000.0,905.0,248.50828729281767,181.21546961325967,314.9171270718232
2024-06-19,224900.0,162800.0,285000.0,907.5,247.8236914600551,179.3939393939394,314.0495867768595
2024-06-24,220000.0,159000.0,286000.0,908.5,242.15740231150247,175.01375894331315,314.8046230049532
2024-06-25,219800.0,159000.0,280000.0,909.0,241.8041804180418,174.91749174917493,308.03080308030803
2024-06-26,220000.0,162000.0,281000.0,911.0,241.4928649835346,177.82656421514818,308.4522502744237
2024-06-27,220000.0,162300.0,280000.0,911.5,241.36039495337357,178.05814591332967,307.18595721338454
2024-06-28,219800.0,159500.0,280000.0,912.0,241.00877192982455,174.890350877193,307.0175438596491
2024-07-01,219800.0,159500.0,283500.0,914.0,240.48140043763675,174.50765864332604,310.1750547045952
2024-07-02,226000.0,160500.0,286500.0,914.5,247.1295790049207,175.50574084199016,313.2859486057955
2024-07-03,229900.0,160000.0,286500.0,915.0,251.2568306010929,174.86338797814207,313.11475409836066
2024-07-04,230000.0,157500.0,285500.0,916.0,251.09170305676855,171.94323144104803,311.68122270742356
2024-07-05,230500.0,156200.0,290000.0,918.0,251.08932461873638,170.15250544662308,315.9041394335512
2024-07-08,228000.0,150000.0,281000.0,918.5,248.2308111050626,163.3097441480675,305.9335873707131
2024-07-10,227000.0,150000.0,280000.0,919.5,246.87330070690592,163.1321370309951,304.51332245785756
2024-07-11,227500.0,154850.0,285000.0,920.0,247.2826086956522,168.31521739130434,309.7826086956522
2024-07-12,229000.0,155000.0,285500.0,921.5,248.50786760716224,168.20401519262072,309.8209441128595
2024-07-15,230000.0,150500.0,280500.0,923.0,249.18743228602384,163.05525460455038,303.9003250270856
2024-07-16,227000.0,151500.0,285000.0,923.5,245.8040064970222,164.0498105035192,308.6085544125609
2024-07-17,227000.0,153500.0,285000.0,924.0,245.67099567099567,166.12554112554113,308.4415584415584
2024-07-18,226500.0,150500.0,285500.0,925.5,244.7325769854133,162.61480280929229,308.48190167477037
2024-07-19,230000.0,151000.0,285500.0,927.5,247.97843665768195,162.8032345013477,307.8167115902965
2024-07-22,230000.0,155000.0,290000.0,926.5,248.24608742579602,167.29627630868862,313.0059363194819
2024-07-23,230000.0,160000.0,290000.0,927.0,248.11218985976268,172.5997842502697,312.83710895361384
2024-07-24,230000.0,160000.0,290000.0,928.0,247.8448275862069,172.41379310344828,312.5
2024-07-25,230000.0,160000.0,293500.0,930.0,247.31182795698925,172.04301075268816,315.59139784946234
2024-07-26,231000.0,155800.0,285000.0,931.5,247.98711755233495,167.2571121846484,305.9581320450886
2024-07-29,231000.0,154900.0,285000.0,932.0,247.8540772532189,166.20171673819743,305.79399141630904
2024-07-30,231000.0,155000.0,285000.0,932.5,247.72117962466487,166.21983914209116,305.6300268096515
2024-07-31,231000.0,152000.0,282000.0,932.0,247.8540772532189,163.09012875536482,302.57510729613733
2024-08-01,230000.0,151800.0,285000.0,933.0,246.5166130760986,162.7009646302251,305.4662379421222
2024-08-02,231000.0,155000.0,285500.0,935.0,247.05882352941177,165.77540106951872,305.3475935828877
2024-08-05,232000.0,160000.0,290000.0,935.5,247.99572421165152,171.03153393907002,309.9946552645644
2024-08-06,235000.0,160000.0,290000.0,936.5,250.93432995194874,170.84890549919913,309.66364121729845
2024-08-07,239000.0,160000.0,287000.0,936.5,255.20555258942872,170.84890549919913,306.46022423918845
2024-08-08,240000.0,160000.0,285000.0,937.0,256.136606189968,170.75773745997864,304.162219850587
2024-08-09,240000.0,160000.0,285000.0,939.0,255.59105431309905,170.3940362087327,303.51437699680514
2024-08-12,240000.0,160000.0,280000.0,939.5,255.45502927088876,170.3033528472592,298.03086748270357
2024-08-13,230000.0,160000.0,280000.0,940.5,244.55077086656033,170.12227538543328,297.71398192450823
2024-08-14,230000.0,160000.0,280000.0,941.0,244.42082890541977,170.03188097768333,297.5557917109458
2024-08-15,230000.0,160000.0,285000.0,941.5,244.29102496016995,169.94158258098778,302.7084439723845
2024-08-16,230000.0,160000.0,285000.0,944.0,243.64406779661016,169.4915254237288,301.90677966101697
2024-08-19,230000.0,161000.0,289300.0,944.0,243.64406779661016,170.55084745762713,306.4618644067797
2024-08-20,230000.0,161800.0,291000.0,944.5,243.51508734780307,171.30757014293278,308.0995235574378
2024-08-21,230000.0,163000.0,293000.0,945.0,243.3862433862434,172.48677248677248,310.0529100529101
2024-08-22,230000.0,163000.0,290000.0,946.0,243.12896405919662,172.3044397463002,306.553911205074
2024-08-23,228000.0,163000.0,291000.0,948.5,240.37954665260938,171.85028993147074,306.8002108592514
2024-08-26,225000.0,163000.0,293500.0,950.5,236.7175170962651,171.48869016307208,308.78485007890583
2024-08-27,230000.0,165000.0,297000.0,950.0,242.10526315789474,173.68421052631578,312.63157894736844
2024-08-28,225000.0,165000.0,295000.0,949.5,236.96682464454977,173.77567140600317,310.68983675618745
2024-08-29,225000.0,165000.0,300000.0,951.0,236.59305993690853,173.50157728706625,315.45741324921136
2024-08-30,223000.0,165000.0,297000.0,953.5,233.87519664394335,173.046670162559,311.4840062926062
2024-09-02,220000.0,165000.0,295000.0,953.0,230.84994753410282,173.1374606505771,309.54879328436516
2024-09-03,220000.0,169500.0,300000.0,953.5,230.72889355007865,177.76612480335606,314.6303093864709
2024-09-04,220000.0,170000.0,300000.0,954.5,230.48716605552644,178.10371922472498,314.3006809848088
2024-09-05,220000.0,169900.0,295000.0,954.5,230.48716605552644,177.99895233106338,309.06233630172864
2024-09-06,220000.0,169000.0,292000.0,958.0,229.64509394572025,176.40918580375782,304.8016701461378
2024-09-09,214000.0,165000.0,295000.0,958.5,223.26551904016694,172.14397496087636,307.77256129368806
2024-09-10,214000.0,166500.0,293800.0,958.0,223.3820459290188,173.79958246346555,306.68058455114823
2024-09-11,211000.0,167000.0,295000.0,958.5,220.1356285863328,174.23056859676578,307.77256129368806
2024-09-12,214000.0,167000.0,297000.0,960.5,222.80062467464862,173.86777719937533,309.21395106715255
2024-09-13,214000.0,169900.0,295100.0,962.0,222.45322245322245,176.6112266112266,306.7567567567568
2024-09-16,214000.0,165500.0,295000.0,962.0,222.45322245322245,172.03742203742203,306.65280665280665
2024-09-17,205000.0,166250.0,295000.0,962.0,213.0977130977131,172.8170478170478,306.65280665280665
2024-09-18,205000.0,167500.0,300000.0,963.5,212.7659574468085,173.84535547483134,311.3648157758173
2024-09-19,205000.0,169500.0,300000.0,963.5,212.7659574468085,175.92112091333678,311.3648157758173
2024-09-20,205000.0,169500.0,300000.0,965.5,212.32522009321596,175.5567063697566,310.7198342827551
2024-09-23,205000.0,170000.0,300000.0,966.0,212.21532091097308,175.98343685300208,310.55900621118013
2024-09-24,195000.0,170000.0,300000.0,966.5,201.75892395240558,175.89239524055873,310.3983445421624
2024-09-25,195000.0,172000.0,300000.0,969.0,201.23839009287926,177.50257997936018,309.59752321981426
2024-09-26,200000.0,172000.0,305000.0,968.5,206.50490449148168,177.59421786267424,314.91997934950956
2024-09-27,200000.0,174950.0,305000.0,970.0,206.18556701030928,180.36082474226805,314.4329896907216
2024-09-30,200000.0,179000.0,310000.0,970.5,206.07934054611025,184.44100978876867,319.42297784647087
2024-10-01,200000.0,180000.0,315000.0,971.0,205.97322348094747,185.37590113285273,324.4078269824923
2024-10-02,210000.0,181800.0,315000.0,971.5,216.1605764282038,187.13329902213073,324.2408646423057
2024-10-03,210000.0,181500.0,310000.0,973.0,215.8273381294964,186.5364850976362,318.60226104830423
2024-10-04,210000.0,180500.0,310000.0,974.5,215.49512570548998,185.22319138019498,318.1118522319138
2024-10-07,210000.0,180000.0,305000.0,975.5,215.27421834956434,184.52075858534084,312.6601742696053
2024-10-08,210000.0,180000.0,305000.0,975.5,215.27421834956434,184.52075858534084,312.6601742696053
2024-10-09,210000.0,181000.0,300000.0,976.0,215.1639344262295,185.45081967213116,307.37704918032784
2024-10-10,210000.0,180500.0,300000.0,979.0,214.50459652706843,184.37180796731357,306.43513789581203
2024-10-14,219000.0,177000.0,300000.0,980.0,223.46938775510205,180.6122448979592,306.1224489795918
2024-10-15,215000.0,177500.0,303000.0,980.5,219.27587965323815,181.03008669046406,309.0260071392147
2024-10-16,215000.0,179000.0,305000.0,981.0,219.16411824668705,182.46687054026503,310.9072375127421
2024-10-17,215000.0,180000.0,305800.0,981.5,219.05247070809986,183.39276617422314,311.5639327559857
2024-10-18,207500.0,180000.0,310000.0,984.5,210.7668867445404,182.83392585068563,314.8806500761808
2024-10-21,205000.0,182000.0,311200.0,984.0,208.33333333333334,184.95934959349594,316.260162601626
2024-10-22,204500.0,182900.0,310000.0,984.5,207.71965464702896,185.77958354494666,314.8806500761808
2024-10-23,203000.0,180000.0,312500.0,985.5,205.98680872653475,182.64840182648402,317.09791983764586
2024-10-24,200000.0,180000.0,314900.0,986.0,202.83975659229208,182.5557809330629,319.37119675456387
2024-10-25,195000.0,180000.0,308000.0,988.0,197.3684210526316,182.18623481781376,311.7408906882591
2024-10-28,195000.0,177800.0,305000.0,988.5,197.26858877086494,179.8684876074861,308.54830551340416
2024-10-29,196500.0,177800.0,302000.0,989.0,198.685540950455,179.77755308392315,305.35894843276037
2024-10-30,195000.0,178000.0,305000.0,990.0,196.96969696969697,179.7979797979798,308.0808080808081
2024-10-31,195000.0,178000.0,303000.0,992.0,196.57258064516128,179.43548387096774,305.44354838709677
2024-11-01,195000.0,180000.0,301000.0,993.0,196.37462235649548,181.2688821752266,303.12185297079554
2024-11-04,195000.0,180000.0,306500.0,993.0,196.37462235649548,181.2688821752266,308.6606243705942
2024-11-05,195000.0,180000.0,306300.0,994.5,196.07843137254903,180.99547511312218,307.99396681749624
2024-11-07,197000.0,183000.0,310000.0,995.0,197.98994974874373,183.91959798994975,311.5577889447236
2024-11-08,190000.0,185200.0,309500.0,997.0,190.57171514543631,185.75727181544633,310.43129388164493
2024-11-11,190000.0,185000.0,305200.0,998.0,190.3807615230461,185.37074148296594,305.811623246493
2024-11-12,190000.0,185000.0,305000.0,998.5,190.28542814221333,185.27791687531297,305.4581872809214
2024-11-13,189500.0,186300.0,301000.0,999.0,189.6896896896897,186.48648648648648,301.3013013013013
2024-11-14,187000.0,185000.0,300000.0,999.5,187.0935467733867,185.09254627313658,300.1500750375188
2024-11-15,183000.0,183000.0,304000.0,1002.5,182.5436408977556,182.5436408977556,303.2418952618454
2024-11-19,189000.0,185000.0,300000.0,1003.0,188.4346959122632,184.44666001994017,299.1026919242273
2024-11-20,191500.0,185000.0,299800.0,1003.5,190.83208769307424,184.35475834578975,298.7543597409068
2024-11-21,191500.0,185000.0,295000.0,1005.0,190.54726368159203,184.07960199004975,293.5323383084577
2024-11-22,190000.0,184000.0,292000.0,1007.0,188.67924528301887,182.72095332671302,289.9702085402185
2024-11-25,189000.0,182500.0,295000.0,1007.0,187.68619662363457,181.23138033763655,292.9493545183714
2024-11-26,190000.0,182500.0,294900.0,1008.0,188.4920634920635,181.0515873015873,292.5595238095238
2024-11-27,192000.0,182800.0,295000.0,1008.5,190.38175508180467,181.25929598413487,292.51363411006446
2024-11-28,192900.0,182000.0,293000.0,1009.0,191.17938553022796,180.37661050545094,290.38652130822595
2024-11-29,191000.0,182000.0,293000.0,1011.5,188.82847256549678,179.93079584775086,289.66880869995055
2024-12-02,190000.0,180000.0,290000.0,1012.5,187.65432098765433,177.77777777777777,286.41975308641975
2024-12-03,190000.0,182800.0,295000.0,1012.5,187.65432098765433,180.54320987654322,291.358024691358
2024-12-04,190000.0,183000.0,295000.0,1013.0,187.56169792694965,180.65153010858836,291.2142152023692
2024-12-05,190000.0,183000.0,295000.0,1013.5,187.46916625555008,180.56240749876665,291.0705476073014
2024-12-06,194200.0,183000.0,296500.0,1015.5,191.2358444116199,180.20679468242244,291.97439684884296
2024-12-09,194500.0,180500.0,295100.0,1016.5,191.342843089031,177.57009345794393,290.30988686669946
2024-12-10,195200.0,180500.0,297000.0,1017.0,191.937069813176,177.48279252704032,292.0353982300885
2024-12-11,195000.0,180500.0,297000.0,1017.5,191.64619164619165,177.3955773955774,291.8918918918919
2024-12-12,195000.0,180500.0,295000.0,1019.0,191.3640824337586,177.13444553483808,289.49950932286555
2024-12-13,195000.0,180000.0,291000.0,1020.5,191.0828025477707,176.38412542871143,285.15433610975015
2024-12-16,195000.0,180000.0,290000.0,1022.5,190.70904645476773,176.03911980440097,283.61858190709046
2024-12-17,196000.0,180500.0,285000.0,1021.5,191.87469407733724,176.70093000489476,279.0014684287812
2024-12-18,199500.0,184800.0,280000.0,1022.5,195.11002444987776,180.73349633251834,273.83863080684597
2024-12-19,198500.0,183500.0,280000.0,1023.0,194.03714565004887,179.3743890518084,273.7047898338221
2024-12-20,198000.0,187000.0,280000.0,1025.0,193.17073170731706,182.4390243902439,273.1707317073171
2024-12-23,199000.0,187000.0,281000.0,1028.5,193.48565872630044,181.8181818181818,273.2134175984443
2024-12-26,199000.0,190000.0,286500.0,1029.5,193.29771733851385,184.55560951918406,278.2904322486644
2024-12-27,200000.0,190000.0,285000.0,1031.5,193.89238972370333,184.19777023751817,276.29665535627726
2024-12-30,200000.0,190000.0,285000.0,1032.0,193.7984496124031,184.10852713178295,276.16279069767444
2025-01-02,199500.0,190000.0,290000.0,1032.5,193.22033898305085,184.01937046004844,280.8716707021792
2025-01-03,195000.0,190000.0,285000.0,1035.5,188.3148237566393,183.4862385321101,275.22935779816515
2025-01-06,195000.0,191900.0,289000.0,1035.5,188.3148237566393,185.32110091743118,279.09222597778853
2025-01-07,195000.0,193800.0,288000.0,1036.0,188.22393822393823,187.06563706563708,277.992277992278
2025-01-08,196500.0,195000.0,287900.0,1036.5,189.58031837916064,188.13314037626628,277.76169802219005
2025-01-09,196500.0,198000.0,288000.0,1037.5,189.3975903614458,190.84337349397592,277.5903614457831
2025-01-10,197000.0,200000.0,292500.0,1039.5,189.51418951418952,192.4001924001924,281.38528138528136
2025-01-13,197000.0,205000.0,295000.0,1040.0,189.42307692307693,197.1153846153846,283.65384615384613
2025-01-14,196000.0,205000.0,295500.0,1041.0,188.2804995196926,196.926032660903,283.86167146974066
2025-01-15,196000.0,206000.0,295000.0,1042.0,188.09980806142033,197.69673704414586,283.10940499040305
2025-01-16,199000.0,205000.0,285000.0,1042.0,190.978886756238,196.7370441458733,273.51247600767755
2025-01-17,198000.0,209000.0,290000.0,1044.0,189.6551724137931,200.19157088122606,277.77777777777777
2025-01-20,198000.0,206500.0,290000.0,1046.5,189.2021022455805,197.32441471571906,277.1141901576684
2025-01-21,199000.0,209300.0,293000.0,1047.0,190.0668576886342,199.90448901623688,279.847182425979
2025-01-22,200000.0,211500.0,295000.0,1048.0,190.83969465648855,201.81297709923663,281.48854961832063
2025-01-23,202000.0,213000.0,295500.0,1048.5,192.6561754887935,203.14735336194565,281.83118741058655
2025-01-24,202000.0,213000.0,295500.0,1049.0,192.56434699714012,203.0505243088656,281.69685414680646
2025-01-27,202000.0,213000.0,295500.0,1050.5,192.2893860066635,202.76059019514517,281.2946216087577
2025-01-28,209500.0,215000.0,310000.0,1051.0,199.33396764985727,204.56707897240724,294.9571836346337
2025-01-29,213000.0,221500.0,315000.0,1051.5,202.56776034236805,210.65145030908226,299.57203994293866
2025-01-30,213000.0,224000.0,315000.0,1052.0,202.47148288973384,212.9277566539924,299.4296577946768
2025-01-31,213000.0,223000.0,315000.0,1053.5,202.1831988609397,211.6753678215472,299.0033222591362
2025-02-03,210000.0,223000.0,315000.0,1054.25,199.19373962532606,211.524780649751,298.7906094379891
2025-02-04,210000.0,225000.0,320000.0,1054.25,199.19373962532606,213.4218638842779,303.53331752430637
2025-02-05,214000.0,224000.0,320000.0,1054.5,202.9397818871503,212.42294926505454,303.46135609293503
2025-02-06,220000.0,224000.0,320000.0,1054.75,208.5802322825314,212.3726001422138,303.3894287745911
2025-02-07,220000.0,220000.0,322000.0,1055.75,208.38266635093535,208.38266635093535,304.99644802273264
2025-02-10,220000.0,220000.0,322000.0,1056.5,208.23473734027448,208.23473734027448,304.7799337434927
2025-02-11,220000.0,220000.0,325000.0,1056.5,208.23473734027448,208.23473734027448,307.61949834358734
2025-02-12,220000.0,219000.0,320000.0,1056.75,208.1854743316773,207.2391767210788,302.8152353915306
2025-02-13,219500.0,218000.0,325000.0,1057.75,207.51595367525408,206.097849208225,307.25596785629875
2025-02-14,220000.0,217000.0,330000.0,1058.25,207.89038506969052,205.05551618237658,311.8355776045358
2025-02-17,220000.0,215000.0,330000.0,1059.25,207.69412320037762,202.97380221855087,311.54118480056644
2025-02-18,221500.0,216000.0,331400.0,1059.0,209.15958451369215,203.96600566572238,312.9367327667611
2025-02-19,223000.0,217000.0,331400.0,1059.25,210.52631578947367,204.86193061128157,312.86287467547794
2025-02-20,223000.0,218000.0,332000.0,1059.75,210.4269874970512,205.70889360698277,313.28143430054257
2025-02-21,226000.0,215000.0,330000.0,1060.75,213.0567994343625,202.68677822295547,311.1006363422107
2025-02-24,226000.0,212000.0,326000.0,1061.0,213.00659754948163,199.8114985862394,307.25730442978323
2025-02-25,225000.0,211500.0,330000.0,1061.5,211.9642016015073,199.24634950541687,310.88082901554407
2025-02-26,224500.0,214500.0,330000.0,1061.75,211.44337179185308,202.02495879444314,310.8076289145279
2025-02-27,221200.0,214800.0,331000.0,1062.25,208.23723228995058,202.21228524358673,311.6027300541304
2025-02-28,219500.0,214800.0,322500.0,1064.75,206.15167879783988,201.73749706503875,302.8880018783752
2025-03-05,213000.0,208500.0,318500.0,1064.25,200.14094432699085,195.91261451726567,299.27178764388066
2025-03-06,212000.0,212000.0,329000.0,1064.5,199.154532644434,199.154532644434,309.06528886801317
2025-03-07,214000.0,210000.0,330000.0,1066.5,200.65635255508673,196.9057665260197,309.42334739803096
2025-03-10,215000.0,207500.0,328500.0,1066.0,201.68855534709192,194.65290806754223,308.16135084427765
2025-03-11,222500.0,208000.0,329000.0,1066.5,208.6263478668542,195.03047351148618,308.4857008907642
2025-03-12,223500.0,206000.0,320500.0,1066.75,209.5148816498711,193.1099132880244,300.4452777126787
2025-03-13,224000.0,207500.0,320000.0,1067.0,209.93439550140582,194.4704779756326,299.9062792877226
2025-03-14,230000.0,207000.0,320000.0,1068.5,215.2550304164717,193.72952737482453,299.4852597098737
2025-03-17,230000.0,206500.0,321000.0,1068.5,215.2550304164717,193.26158165652785,300.421151146467
2025-03-18,233000.0,207400.0,325000.0,1069.0,217.96071094480823,194.01309635173058,304.022450888681
2025-03-19,236000.0,208500.0,327500.0,1069.75,220.61229259172703,194.90535171769105,306.1462958635195
2025-03-20,235000.0,210000.0,328000.0,1069.5,219.72884525479196,196.35343618513323,306.6853669939224
2025-03-21,235500.0,210000.0,327500.0,1071.5,219.78534764349044,195.9869342043864,305.64629024731687
2025-03-25,235000.0,209000.0,330500.0,1071.75,219.2675530674131,195.00816421740146,308.3741544203406
2025-03-26,235000.0,210000.0,340000.0,1071.75,219.2675530674131,195.94121763470957,317.2381618847679
2025-03-27,235000.0,209000.0,343000.0,1072.25,219.16530659827467,194.91723012357193,319.88808580088596
2025-03-28,235000.0,208000.0,343000.0,1073.5,218.91010712622264,193.7587331159758,319.5156031672101
2025-03-31,235000.0,210000.0,343000.0,1074.0,218.80819366852887,195.53072625698323,319.366852886406
2025-04-01,235000.0,210000.0,315000.0,1074.75,218.6555012793673,195.39427773900908,293.0914166085136
2025-04-03,235000.0,213500.0,315000.0,1075.0,218.6046511627907,198.6046511627907,293.0232558139535
2025-04-04,235000.0,214500.0,310000.0,1076.0,218.40148698884758,199.34944237918216,288.10408921933083
2025-04-07,235000.0,215000.0,310000.0,1076.0,218.40148698884758,199.81412639405204,288.10408921933083
2025-04-08,235000.0,218000.0,320000.0,1076.25,218.35075493612078,202.55516840882694,297.32868757259
2025-04-09,239900.0,222000.0,324000.0,1077.25,222.69668136458574,206.08029705268044,300.76583894174985
2025-04-10,239000.0,224500.0,325000.0,1077.0,221.91272051996285,208.4493964716806,301.7641597028784
2025-04-11,239000.0,225000.0,330000.0,1078.0,221.70686456400742,208.71985157699444,306.1224489795918
2025-04-14,240000.0,230000.0,330000.0,1198.0,200.3338898163606,191.98664440734558,275.4590984974958
2025-04-15,248000.0,237500.0,335000.0,1200.0,206.66666666666666,197.91666666666666,279.1666666666667
2025-04-16,248000.0,232000.0,317500.0,1135.0,218.5022026431718,204.40528634361235,279.73568281938327
2025-04-21,227850.0,216000.0,302500.0,1094.0,208.27239488117002,197.44058500914076,276.50822669104207
2025-04-22,228500.0,220000.0,304500.0,1104.0,206.9746376811594,199.2753623188406,275.8152173913044
2025-04-23,236000.0,227000.0,308000.0,1160.0,203.44827586206895,195.68965517241378,265.51724137931035
2025-04-24,240000.0,231000.0,315000.0,1174.0,204.42930153321976,196.76320272572403,268.31345826235093
2025-04-25,243000.0,233000.0,310000.0,1169.5,207.78110303548524,199.23044035912784,265.07054296708
2025-04-28,235000.0,231000.0,310000.0,1178.0,199.490662139219,196.09507640067912,263.1578947368421
2025-04-29,233000.0,228000.0,302000.0,1165.0,200.0,195.70815450643778,259.2274678111588
2025-04-30,233000.0,228000.0,290000.0,1170.0,199.14529914529913,194.87179487179486,247.86324786324786
2025-05-05,231000.0,221000.0,308000.0,1200.0,192.5,184.16666666666666,256.6666666666667
2025-05-06,234000.0,223500.0,316500.0,1194.0,195.97989949748742,187.1859296482412,265.0753768844221
2025-05-07,220800.0,210000.0,303000.0,1124.0,196.44128113879003,186.83274021352312,269.5729537366548
2025-05-08,221000.0,204000.0,300000.0,1114.0,198.3842010771993,183.12387791741472,269.29982046678634
2025-05-09,225400.0,207000.0,310000.0,1136.0,198.41549295774647,182.21830985915494,272.88732394366195
2025-05-12,222400.0,207000.0,310000.0,1132.0,196.46643109540636,182.86219081272085,273.85159010600705
2025-05-13,220000.0,206000.0,304000.0,1125.5,195.46868058640604,183.0297645490893,270.1021768103065
2025-05-14,224000.0,208000.0,305000.0,1132.0,197.87985865724383,183.74558303886926,269.434628975265
2025-05-15,224500.0,211000.0,308000.0,1138.0,197.27592267135324,185.41300527240773,270.6502636203866
2025-05-16,224000.0,213000.0,311500.0,1142.0,196.14711033274955,186.51488616462348,272.76707530647985
2025-05-19,225000.0,210000.0,312500.0,1141.0,197.1954425942156,184.04907975460122,273.8825591586328
2025-05-20,226700.0,212000.0,315000.0,1142.5,198.42450765864334,185.55798687089717,275.7111597374179
2025-05-21,228500.0,213000.0,315000.0,1146.0,199.3891797556719,185.86387434554973,274.869109947644
2025-05-22,227000.0,210000.0,314000.0,1135.5,199.91193306913254,184.94055482166448,276.5301629238221
2025-05-23,225000.0,206000.0,307500.0,1133.5,198.5002205558006,181.73797970886633,271.2836347595942
2025-05-26,226800.0,207000.0,311000.0,1143.0,198.4251968503937,181.10236220472441,272.0909886264217
2025-05-27,228500.0,210800.0,314000.0,1156.0,197.6643598615917,182.35294117647058,271.62629757785464
2025-05-28,230000.0,210000.0,310000.0,1160.0,198.27586206896552,181.0344827586207,267.2413793103448
2025-05-29,234800.0,209700.0,317000.0,1183.0,198.47844463229077,177.26120033812342,267.9628064243449
2025-05-30,235800.0,209000.0,320000.0,1188.0,198.4848484848485,175.92592592592592,269.36026936026934
2025-06-02,234300.0,205000.0,320000.0,1180.5,198.47522236340535,173.6552308343922,271.07157983905125
2025-06-03,234900.0,205200.0,322500.0,1184.0,198.39527027027026,173.3108108108108,272.3817567567568
2025-06-04,235300.0,205000.0,323000.0,1185.5,198.4816533108393,172.92281737663433,272.45887811050187
2025-06-05,236400.0,206500.0,323500.0,1191.0,198.48866498740554,173.3837111670865,271.6204869857263
2025-06-06,235300.0,203700.0,321300.0,1185.5,198.4816533108393,171.82623365668493,271.0248840151835
2025-06-09,234000.0,202900.0,320000.0,1185.0,197.46835443037975,171.22362869198312,270.042194092827
2025-06-10,235500.0,202800.0,320800.0,1188.5,198.14892721918383,170.63525452250735,269.9200673117375
2025-06-11,232250.0,205000.0,326000.0,1182.0,196.48900169204737,173.43485617597293,275.8037225042301
2025-06-12,232850.0,205000.0,323800.0,1185.0,196.49789029535864,172.9957805907173,273.2489451476793
2025-06-13,232500.0,205500.0,327000.0,1182.0,196.7005076142132,173.85786802030458,276.6497461928934
2025-06-17,230200.0,201000.0,326900.0,1160.0,198.44827586206895,173.27586206896552,281.8103448275862
2025-06-18,226700.0,198000.0,318200.0,1142.5,198.42450765864334,173.30415754923413,278.5120350109409
2025-06-19,230600.0,200000.0,319400.0,1162.0,198.4509466437177,172.1170395869191,274.87091222030983
2025-06-23,232400.0,202000.0,319500.0,1171.0,198.46285226302305,172.50213492741247,272.84372331340734
2025-06-24,233100.0,200000.0,323000.0,1174.5,198.46743295019158,170.28522775649213,275.0106428267348
2025-06-25,236500.0,201000.0,321000.0,1191.5,198.4892992026857,168.6949223667646,269.4083088543852
2025-06-26,236100.0,201800.0,321000.0,1189.5,198.48675914249685,169.651113913409,269.8612862547289
2025-06-27,236000.0,201500.0,321000.0,1189.0,198.4861227922624,169.47014297729183,269.97476871320436
2025-06-30,238600.0,202100.0,321000.0,1205.0,198.00829875518673,167.71784232365144,266.3900414937759
2025-07-01,240000.0,203000.0,321000.0,1222.0,196.39934533551556,166.12111292962356,262.68412438625205
2025-07-02,241500.0,204000.0,315000.0,1229.0,196.50122050447519,165.9886086248983,256.30593978844587
2025-07-03,241950.0,208700.0,315000.0,1231.0,196.54752233956134,169.5369618196588,255.88952071486597
2025-07-04,243700.0,206000.0,315000.0,1240.0,196.53225806451613,166.1290322580645,254.03225806451613
2025-07-07,244700.0,210000.0,315000.0,1264.0,193.59177215189874,166.13924050632912,249.20886075949366
2025-07-08,243000.0,208500.0,315000.0,1255.0,193.62549800796813,166.13545816733068,250.996015936255
2025-07-10,243000.0,211820.0,320000.0,1255.0,193.62549800796813,168.78087649402391,254.9800796812749
2025-07-11,245000.0,213000.0,323000.0,1261.5,194.21323820848195,168.84661117717005,256.0443915973048
2025-07-14,250000.0,215900.0,330000.0,1280.0,195.3125,168.671875,257.8125
2025-07-15,246400.0,218000.0,330000.0,1260.0,195.55555555555554,173.015873015873,261.9047619047619
2025-07-16,249700.0,219900.0,330000.0,1261.0,198.0174464710547,174.38540840602695,261.69706582077714
2025-07-17,251500.0,221000.0,335000.0,1274.0,197.40973312401883,173.46938775510205,262.9513343799058
2025-07-18,255200.0,222000.0,340000.0,1286.0,198.4447900466563,172.62830482115086,264.38569206842925
2025-07-21,253200.0,218000.0,338500.0,1275.0,198.58823529411765,170.98039215686273,265.4901960784314
2025-07-22,253500.0,216000.0,336000.0,1256.5,201.7508953442101,171.90608834062874,267.40947075208913
2025-07-23,252500.0,222000.0,340000.0,1258.5,200.6356773937227,176.4004767580453,270.16289233214144
2025-07-24,256000.0,226100.0,341500.0,1272.0,201.25786163522014,177.75157232704402,268.47484276729557
2025-07-25,256000.0,226100.0,345000.0,1280.0,200.0,176.640625,269.53125
2025-07-28,260000.0,227600.0,360000.0,1295.0,200.77220077220076,175.75289575289574,277.992277992278
2025-07-29,259000.0,227600.0,365000.0,1291.0,200.61967467079782,176.29744384198295,282.72656855151047
2025-07-30,263800.0,227600.0,370000.0,1315.0,200.60836501901142,173.07984790874525,281.3688212927757
2025-07-31,275500.0,244350.0,385000.0,1374.0,200.50946142649198,177.83842794759826,280.2037845705968
2025-08-01,273800.0,241200.0,389000.0,1364.0,200.733137829912,176.83284457478007,285.1906158357771
2025-08-04,273000.0,241100.0,395000.0,1360.0,200.73529411764707,177.27941176470588,290.44117647058823
2025-08-05,268800.0,237500.0,392000.0,1338.5,200.82181546507283,177.43742995890923,292.8651475532312
2025-08-06,268000.0,232800.0,390000.0,1332.0,201.2012012012012,174.77477477477478,292.7927927927928
2025-08-07,266800.0,231800.0,390300.0,1326.5,201.13079532604598,174.74557105163964,294.23294383716546
2025-08-08,269985.0,233100.0,390000.0,1326.0,203.60859728506787,175.79185520361992,294.11764705882354
2025-08-11,266540.0,229770.0,385000.0,1322.0,201.61875945537065,173.80484114977307,291.2254160363086
2025-08-12,265000.0,227000.0,390000.0,1317.5,201.13851992409866,172.29601518026564,296.01518026565464
2025-08-13,264700.0,226900.0,390000.0,1313.0,201.5993907083016,172.8103579588728,297.029702970297
2025-08-14,262000.0,224600.0,384000.0,1300.0,201.53846153846155,172.76923076923077,295.38461538461536
2025-08-18,260650.0,227000.0,380000.0,1293.0,201.58546017014694,175.56071152358857,293.8901778808971
2025-08-19,260550.0,225300.0,380500.0,1292.5,201.58607350096713,174.31334622823985,294.39071566731144
2025-08-20,262270.0,226500.0,385000.0,1301.0,201.59108378170637,174.0968485780169,295.9262106072252
2025-08-21,265120.0,229200.0,390000.0,1315.0,201.61216730038024,174.29657794676805,296.5779467680608
2025-08-22,266200.0,230500.0,392000.0,1321.0,201.51400454201362,174.4890234670704,296.7448902346707
2025-08-25,274000.0,237450.0,400000.0,1362.0,201.17474302496328,174.33920704845815,293.68575624082234
2025-08-26,272200.0,235800.0,400000.0,1356.5,200.6634721710284,173.82970880943606,294.87652045705863
2025-08-27,270000.0,230500.0,394000.0,1349.5,200.07410151908115,170.80400148203037,291.95998517969616
2025-08-28,265500.0,227700.0,387000.0,1333.0,199.1747936984246,170.81770442610653,290.3225806451613
2025-08-29,266600.0,233275.0,389000.0,1342.0,198.65871833084947,173.8263785394933,289.86587183308495
2025-09-01,273000.0,240000.0,395000.0,1372.0,198.9795918367347,174.9271137026239,287.9008746355685
2025-09-02,271000.0,237000.0,400000.0,1361.0,199.1182953710507,174.13666421748715,293.9015429831007
2025-09-03,270500.0,237000.0,395000.0,1361.5,198.67792875504958,174.07271391847226,290.1211898641205
2025-09-04,271000.0,238000.0,400000.0,1362.5,198.89908256880733,174.67889908256882,293.57798165137615
2025-09-05,270000.0,242300.0,400000.0,1355.0,199.2619926199262,178.81918819188192,295.2029520295203
2025-09-08,281000.0,242300.0,410000.0,1409.0,199.43222143364088,171.96593328601844,290.986515259049
2025-09-09,282500.0,248000.0,415000.0,1416.5,199.43522767384397,175.0794211083657,292.9756441934345
2025-09-10,282900.0,249000.0,420000.0,1423.5,198.7355110642782,174.9209694415174,295.04741833508956
2025-09-11,284600.0,250500.0,425000.0,1432.0,198.74301675977654,174.93016759776538,296.7877094972067
2025-09-12,281600.0,254900.0,435000.0,1453.0,193.805918788713,175.43014452856158,299.3805918788713
2025-09-15,284000.0,257500.0,440000.0,1467.0,193.59236537150647,175.52828902522154,299.931833674165
2025-09-16,281800.0,263000.0,440000.0,1469.0,191.83117767188563,179.03335602450647,299.52348536419333
2025-09-17,281300.0,263800.0,440000.0,1474.5,190.77653441844694,178.9081044421838,298.4062394031875
2025-09-18,281300.0,264000.0,440000.0,1474.5,190.77653441844694,179.0437436419125,298.4062394031875
2025-09-19,278540.0,263900.0,439800.0,1475.0,188.8406779661017,178.91525423728814,298.1694915254237
2025-09-22,279000.0,258800.0,505000.0,1408.0,198.1534090909091,183.8068181818182,358.66477272727275
2025-09-23,272000.0,258400.0,493000.0,1369.0,198.68517165814464,188.7509130752374,360.11687363038715
2025-09-24,265700.0,250000.0,461000.0,1337.5,198.65420560747663,186.9158878504673,344.67289719626166
2025-09-25,264000.0,250000.0,449500.0,1337.0,197.45699326851158,186.98578908002992,336.2004487658938
2025-09-26,263000.0,250000.0,453000.0,1326.0,198.34087481146304,188.5369532428356,341.6289592760181
2025-09-29,262000.0,242000.0,475000.0,1360.0,192.64705882352942,177.94117647058823,349.2647058823529
2025-09-30,266000.0,246780.0,480000.0,1380.0,192.7536231884058,178.82608695652175,347.82608695652175
2025-10-01,275730.0,248800.0,495000.0,1423.0,193.76669009135628,174.8418833450457,347.8566408995081
2025-10-02,276020.0,250540.0,499800.0,1424.5,193.76623376623377,175.87925587925588,350.85995085995086
2025-10-03,281700.0,250000.0,495000.0,1424.5,197.75359775359775,175.5001755001755,347.4903474903475
2025-10-06,281700.0,251000.0,495000.0,1430.0,196.993006993007,175.52447552447552,346.15384615384613
2025-10-07,268000.0,251500.0,494600.0,1429.5,187.4781392095138,175.93564183280867,345.9951031829311
2025-10-08,262885.0,251000.0,494800.0,1430.0,183.83566433566435,175.52447552447552,346.013986013986
2025-10-09,262500.0,249700.0,499500.0,1420.0,184.85915492957747,175.8450704225352,351.76056338028167
2025-10-13,252000.0,237180.0,464800.0,1349.0,186.80504077094145,175.8191252779837,344.55151964418087
2025-10-14,247000.0,239000.0,464000.0,1360.0,181.61764705882354,175.73529411764707,341.1764705882353
2025-10-15,250500.0,242700.0,470000.0,1380.0,181.52173913043478,175.8695652173913,340.57971014492756
2025-10-16,254900.0,250500.0,470000.0,1402.0,181.811697574893,178.67332382310985,335.23537803138373
2025-10-17,265100.0,259400.0,480000.0,1450.0,182.82758620689654,178.89655172413794,331.0344827586207
2025-10-20,270000.0,262200.0,475000.0,1475.0,183.05084745762713,177.76271186440678,322.03389830508473
2025-10-21,272500.0,265200.0,480000.0,1490.5,182.82455551828247,177.9268701777927,322.03958403220395
2025-10-22,272300.0,266000.0,480000.0,1489.0,182.87441235728676,178.6433848220282,322.3640026863667
2025-10-23,268000.0,264600.0,480000.0,1479.0,181.20351588911427,178.90466531440163,324.54361054766736
2025-10-24,266940.0,266940.0,480000.0,1492.0,178.9142091152815,178.9142091152815,321.71581769436995
2025-10-27,257400.0,256700.0,480000.0,1435.0,179.37282229965157,178.88501742160278,334.49477351916374
2025-10-28,270285.0,265200.0,490000.0,1470.0,183.8673469387755,180.40816326530611,333.3333333333333
2025-10-29,263300.0,259714.0,481000.0,1436.0,183.35654596100278,180.85933147632312,334.958217270195
2025-10-30,264365.0,259360.0,475000.0,1438.0,183.8421418636996,180.3616133518776,330.31988873435324
2025-10-31,265600.0,261000.0,480000.0,1445.0,183.80622837370242,180.62283737024222,332.1799307958477
2025-11-03,269000.0,268100.0,490000.0,1482.0,181.5114709851552,180.90418353576248,330.63427800269903
2025-11-04,263000.0,262000.0,480000.0,1454.0,180.88033012379643,180.19257221458048,330.12379642365886
2025-11-05,264070.0,265500.0,483500.0,1452.0,181.866391184573,182.8512396694215,332.9889807162534
2025-11-07,255200.0,257300.0,476500.0,1415.0,180.35335689045937,181.8374558303887,336.74911660777383
2025-11-10,254800.0,257300.0,480000.0,1420.5,179.37346004927844,181.13340373108062,337.909186906019
2025-11-11,253425.0,254150.0,480000.0,1413.0,179.3524416135881,179.86553432413305,339.70276008492567
2025-11-12,254650.0,258150.0,480000.0,1412.0,180.3470254957507,182.82577903682719,339.94334277620396
2025-11-13,254250.0,258500.0,486000.0,1406.0,180.8321479374111,183.85490753911807,345.6614509246088
2025-11-14,254000.0,258000.0,478000.0,1403.0,181.04062722736992,183.89166072701354,340.69850320741267
2025-11-17,250100.0,250800.0,484000.0,1387.0,180.31723143475125,180.82191780821918,348.95457822638787
2025-11-18,250380.0,257300.0,485000.0,1400.0,178.84285714285716,183.78571428571428,346.42857142857144
2025-11-19,244500.0,258500.0,480000.0,1406.5,173.8357625311056,183.78954852470673,341.2726626377533
2025-11-20,235500.0,261000.0,480000.0,1425.0,165.26315789473685,183.1578947368421,336.8421052631579
2025-11-25,234000.0,266100.0,490000.0,1447.5,161.6580310880829,183.8341968911917,338.51468048359243
2025-11-26,232600.0,274400.0,500000.0,1453.5,160.02751977984175,188.7856897144823,343.9972480220158
2025-11-27,237800.0,273800.0,500000.0,1450.0,164.0,188.82758620689654,344.82758620689657
2025-11-28,238000.0,274075.0,500000.0,1451.5,163.96830864622805,188.82190837065104,344.47123665173956
2025-12-01,239450.0,271190.0,500000.0,1451.5,164.9672752325181,186.8343093351705,344.47123665173956
2025-12-02,247200.0,273000.0,500000.0,1455.0,169.89690721649484,187.62886597938143,343.64261168384877
2025-12-03,242590.0,272900.0,495000.0,1453.0,166.9580178940124,187.81830695113558,340.6744666207846
2025-12-04,241000.0,272650.0,494000.0,1444.0,166.89750692520775,188.81578947368422,342.10526315789474
2025-12-05,235000.0,270940.0,490000.0,1435.0,163.76306620209058,188.80836236933797,341.4634146341463
2025-12-09,245000.0,275000.0,490000.0,1442.0,169.90291262135923,190.70735090152567,339.80582524271847
2025-12-10,240000.0,275000.0,496000.0,1437.5,166.95652173913044,191.30434782608697,345.04347826086956
2025-12-11,241100.0,275000.0,500000.0,1436.0,167.89693593314763,191.5041782729805,348.18941504178275
2025-12-12,243000.0,276500.0,497000.0,1441.0,168.63289382373353,191.88063844552394,344.89937543372656
2025-12-15,244400.0,275900.0,497500.0,1438.5,169.89920055613487,191.79701077511297,345.84636774417794
2025-12-16,246600.0,274000.0,495000.0,1451.0,169.95175740868368,188.8352860096485,341.14403859407304
2025-12-17,249500.0,273980.0,490000.0,1451.0,171.95037904893178,188.82150241212958,337.69813921433496
2025-12-18,252350.0,275400.0,494000.0,1451.0,173.9145416953825,189.8001378359752,340.4548587181254
2025-12-19,255000.0,274000.0,492000.0,1450.0,175.86206896551724,188.9655172413793,339.3103448275862
2025-12-22,259740.0,274170.0,494500.0,1452.0,178.88429752066116,188.82231404958677,340.56473829201104
2025-12-23,259560.0,276864.0,495000.0,1451.0,178.88352860096487,190.8090971743625,341.14403859407304
2025-12-26,259830.0,281480.0,500000.0,1452.5,178.88468158347678,193.79001721170397,344.2340791738382
2025-12-29,260640.0,282360.0,498000.0,1457.0,178.88812628689087,193.79547014413177,341.79821551132466
2025-12-30,260280.0,281970.0,500000.0,1455.0,178.88659793814432,193.79381443298968,343.64261168384877
2026-01-02,264000.0,293000.0,498000.0,1475.0,178.98305084745763,198.64406779661016,337.6271186440678
2026-01-05,263700.0,292000.0,500000.0,1470.0,179.3877551020408,198.63945578231292,340.13605442176873
2026-01-06,262800.0,291700.0,504830.0,1467.5,179.0800681431005,198.77342419080068,344.0068143100511
2026-01-07,262000.0,290200.0,504900.0,1460.0,179.45205479452054,198.76712328767124,345.82191780821915
2026-01-08,263000.0,290500.0,505000.0,1464.0,179.6448087431694,198.42896174863387,344.94535519125685
2026-01-09,262800.0,291200.0,505000.0,1465.0,179.38566552901023,198.77133105802048,344.70989761092153
2026-01-12,263900.0,291700.0,505000.0,1467.5,179.8296422487223,198.77342419080068,344.1226575809199
2026-01-13,256300.0,282000.0,500000.0,1457.0,175.90940288263556,193.5483870967742,343.17089910775564
2026-01-14,257000.0,278700.0,500000.0,1453.0,176.87543014452856,191.8100481761872,344.1156228492774
2026-01-15,254200.0,276400.0,495000.0,1441.0,176.40527411519778,191.81124219292158,343.51145038167937
2026-01-16,253000.0,274300.0,485000.0,1430.0,176.92307692307693,191.8181818181818,339.16083916083915
2026-01-19,252400.0,270845.0,485000.0,1434.5,175.94980829557338,188.80794701986756,338.09689787382365
2026-01-20,252400.0,268000.0,485500.0,1434.5,175.94980829557338,186.82467758800976,338.4454513767863
2026-01-21,250900.0,267200.0,480500.0,1430.5,175.39321915414192,186.78783642083187,335.8965396714436
2026-01-22,250700.0,266400.0,479900.0,1429.5,175.37600559636238,186.3588667366212,335.7117873382301
2026-01-23,252000.0,268000.0,475000.0,1433.0,175.85484996510817,187.0202372644801,331.4724354501047
2026-01-26,253600.0,269300.0,470000.0,1437.5,176.41739130434783,187.33913043478262,326.95652173913044
2026-01-27,255100.0,271600.0,475000.0,1442.5,176.84575389948006,188.2842287694974,329.2894280762565
2026-01-28,258390.0,272745.0,475000.0,1444.5,178.8785046728972,188.81619937694705,328.83350640359987
2026-01-29,258390.0,272745.0,475000.0,1444.5,178.8785046728972,188.81619937694705,328.83350640359987
2026-01-30,258840.0,273220.0,476000.0,1447.0,178.8804422944022,188.81824464409124,328.9564616447823
2026-02-02,259560.0,265000.0,470000.0,1451.0,178.88352860096487,182.6326671261199,323.91454169538247
2026-02-03,258660.0,261534.0,475000.0,1446.0,178.87966804979254,180.86721991701245,328.4923928077455
2026-02-04,258930.0,261500.0,475000.0,1447.5,178.88082901554404,180.65630397236615,328.15198618307426
2026-02-05,257940.0,260500.0,480000.0,1442.0,178.876560332871,180.6518723994452,332.871012482663
2026-02-06,257500.0,259700.0,476500.0,1432.0,179.81843575418995,181.35474860335196,332.7513966480447
2026-02-09,255370.0,253260.0,470000.0,1416.0,180.34604519774012,178.85593220338984,331.92090395480227
2026-02-10,253300.0,251460.0,465000.0,1406.0,180.15647226173542,178.84779516358464,330.7254623044097
2026-02-11,252180.0,250380.0,465000.0,1400.0,180.12857142857143,178.84285714285716,332.14285714285717
2026-02-12,252250.0,250000.0,465000.0,1395.0,180.82437275985663,179.21146953405017,333.3333333333333
2026-02-13,251680.0,252376.0,465000.0,1399.5,179.8356555912826,180.3329760628796,332.2615219721329
2026-02-18,251050.0,252400.0,465000.0,1396.0,179.8352435530086,180.80229226361033,333.0945558739255
2026-02-19,249780.0,251160.0,465000.0,1389.0,179.82721382289418,180.8207343412527,334.7732181425486
2026-02-20,248000.0,251500.0,456000.0,1376.0,180.2325581395349,182.77616279069767,331.3953488372093
2026-02-23,247100.0,250520.0,455000.0,1370.5,180.29916089018607,182.7946005107625,331.9956220357534
2026-02-24,249500.0,250300.0,455000.0,1380.5,180.73161897863093,181.31111915972474,329.5907279971025
2026-02-25,251600.0,247500.0,460000.0,1399.0,179.84274481772695,176.91208005718372,328.80629020729094
2026-02-26,253250.0,244825.0,465000.0,1408.0,179.8650568181818,173.88139204545453,330.2556818181818
2026-02-27,250000.0,242900.0,465000.0,1397.0,178.9549033643522,173.87258410880457,332.85612025769507
2026-03-02,250900.0,236300.0,460000.0,1395.0,179.85663082437276,169.39068100358423,329.7491039426523
2026-03-03,254500.0,242000.0,465000.0,1415.0,179.85865724381625,171.02473498233215,328.6219081272085
2026-03-04,251850.0,239350.0,460000.0,1400.5,179.82863263120313,170.9032488397001,328.45412352731165
2026-03-05,253000.0,239000.0,460000.0,1407.0,179.81520966595593,169.86496090973702,326.9367448471926
2026-03-06,260000.0,251000.0,465000.0,1416.0,183.61581920903956,177.25988700564972,328.3898305084746
2026-03-09,257500.0,253260.0,465000.0,1416.0,181.8502824858757,178.85593220338984,328.3898305084746
2026-03-10,254550.0,247600.0,461500.0,1400.0,181.82142857142858,176.85714285714286,329.64285714285717
2026-03-11,253800.0,250300.0,465000.0,1396.0,181.8051575931232,179.29799426934096,333.0945558739255
2026-03-12,253000.0,256320.0,470000.0,1394.5,181.42703477949087,183.8078164216565,337.0383650053783
2026-03-13,254550.0,251800.0,475000.0,1400.0,181.82142857142858,179.85714285714286,339.2857142857143
2026-03-16,253820.0,245000.0,465000.0,1396.0,181.81948424068767,175.50143266475644,333.0945558739255
2026-03-17,255000.0,242000.0,474500.0,1396.0,182.6647564469914,173.35243553008596,339.8997134670487
2026-03-18,255000.0,242500.0,480000.0,1394.0,182.9268292682927,173.95982783357246,344.3328550932568
2026-03-19,256320.0,243850.0,485000.0,1394.5,183.8078164216565,174.86554320545,347.7949085693797
2026-03-20,257000.0,243150.0,485000.0,1390.5,184.82560230133046,174.86515641855448,348.79539733908666
2026-03-25,253500.0,237500.0,483000.0,1377.5,184.0290381125227,172.41379310344828,350.63520871143373
2026-03-26,251415.0,236000.0,484000.0,1368.0,183.7828947368421,172.51461988304092,353.80116959064327
2026-03-27,254100.0,236250.0,440000.0,1382.5,183.79746835443038,170.8860759493671,318.2640144665461
2026-03-30,256965.0,238215.0,440000.0,1398.0,183.80901287553647,170.39699570815452,314.7353361945637
2026-03-31,251300.0,240000.0,440000.0,1382.0,181.83791606367583,173.66136034732273,318.37916063675834
2026-04-01,258300.0,246500.0,440000.0,1394.0,185.2941176470588,176.82926829268294,315.63845050215207
2026-04-06,257400.0,253000.0,440000.0,1393.0,184.78104809763101,181.6223977027997,315.8650394831299
2026-04-07,256000.0,253000.0,440000.0,1392.5,183.84201077199282,181.6876122082585,315.9784560143627
2026-04-08,256000.0,252300.0,440000.0,1387.5,184.5045045045045,181.83783783783784,317.1171171171171
2026-04-09,260680.0,253820.0,432000.0,1381.0,188.76176683562636,183.79435191889934,312.81679942070963
2026-04-10,258600.0,250400.0,440000.0,1370.0,188.75912408759123,182.77372262773721,321.1678832116788
2026-04-13,256000.0,248825.0,430000.0,1354.0,189.06942392909897,183.77031019202363,317.5775480059084
2026-04-14,258800.0,251300.0,430500.0,1364.0,189.73607038123168,184.2375366568915,315.6158357771261
2026-04-15,262000.0,251500.0,430000.0,1359.0,192.7888153053716,185.06254598969832,316.4091243561442
2026-04-16,263100.0,252500.0,430000.0,1358.0,193.74079528718704,185.93519882179675,316.6421207658321
2026-04-17,264330.0,253480.0,430000.0,1364.5,193.7193111029681,185.76768046903626,315.1337486258703
2026-04-20,266760.0,257184.0,430000.0,1377.0,193.72549019607843,186.77124183006535,312.27305737109657
2026-04-21,273300.0,259640.0,430000.0,1375.5,198.69138495092693,188.76045074518356,312.6135950563432
2026-04-22,273800.0,260110.0,430000.0,1378.0,198.69375907111757,188.7590711175617,312.04644412191584
2026-04-23,276600.0,261400.0,430000.0,1392.0,198.70689655172413,187.78735632183907,308.9080459770115
2026-04-24,278100.0,260100.0,430000.0,1399.5,198.7138263665595,185.85209003215434,307.25259021078955
2026-04-27,281600.0,265400.0,429000.0,1417.0,198.72971065631617,187.2971065631616,302.7522935779817
2026-04-28,283000.0,265145.0,430000.0,1404.5,201.49519401922393,188.78248487006053,306.15877536489853
2026-04-29,283412.0,262675.0,430000.0,1391.5,203.67373338124327,188.77111031261228,309.0190441969098
2026-04-30,283310.0,262500.0,422000.0,1391.0,203.67361610352265,188.71315600287562,303.3788641265277
2026-05-04,288000.0,264765.0,430000.0,1402.5,205.3475935828877,188.7807486631016,306.59536541889486
2026-05-05,287800.0,262960.0,440000.0,1393.0,206.60445082555634,188.7724335965542,315.8650394831299
2026-05-06,288200.0,262000.0,435000.0,1388.0,207.63688760806917,188.7608069164265,313.4005763688761
2026-05-07,290576.0,262143.0,439800.0,1396.0,208.14899713467048,187.78151862464185,315.0429799426934
2026-05-08,295160.0,263215.0,444000.0,1398.0,211.1301859799714,188.2796852646638,317.59656652360513
2026-05-11,295160.0,262000.0,450000.0,1391.5,212.11642112827883,188.28602227811714,323.39202299676606
2026-05-12,295625.0,261250.0,455000.0,1384.0,213.60187861271677,188.76445086705203,328.757225433526
2026-05-13,297345.0,262770.0,461000.0,1392.0,213.60991379310346,188.77155172413794,331.17816091954023
2026-05-14,299900.0,254300.0,460000.0,1391.0,215.60028756290438,182.81811646297626,330.69734004313443
2026-05-15,300000.0,249500.0,460200.0,1394.5,215.13087128002869,178.91717461455718,330.010756543564
2026-05-18,301200.0,256780.0,470000.0,1397.0,215.6048675733715,183.8081603435934,336.4352183249821
2026-05-19,301400.0,256965.0,465000.0,1398.0,215.59370529327612,183.80901287553647,332.61802575107293
2026-05-20,298420.0,256780.0,460000.0,1397.0,213.6148890479599,183.8081603435934,329.277022190408
2026-05-21,291300.0,253000.0,460000.0,1389.5,209.64375674703132,182.0798848506657,331.05433609211946
2026-05-22,292740.0,254000.0,460000.0,1403.0,208.6528866714184,181.04062722736992,327.8688524590164
2026-05-26,298700.0,254460.0,461000.0,1411.0,211.6938341601701,180.34018426647768,326.71863926293406
2026-05-27,298950.0,254735.0,464000.0,1412.5,211.64601769911505,180.3433628318584,328.49557522123894
2026-05-28,298400.0,254900.0,465000.0,1410.0,211.63120567375887,180.78014184397162,329.78723404255317
2026-05-29,299300.0,254620.0,465000.0,1408.0,212.57102272727272,180.8380681818182,330.2556818181818
2026-06-01,303240.0,255760.0,465000.0,1426.0,212.6507713884993,179.3548387096774,326.0869565217391
2026-06-02,304700.0,255240.0,465000.0,1427.0,213.52487736510162,178.86475122634897,325.8584442887176
2026-06-03,306000.0,257310.0,465000.0,1438.5,212.7215849843587,178.873826903024,323.2533889468196
2026-06-04,304000.0,255500.0,455000.0,1436.5,211.6254785938044,177.86286112077968,316.7420814479638
2026-06-05,304000.0,254800.0,455000.0,1440.5,211.037834085387,176.88302672683096,315.86254772648385
2026-06-08,294700.0,257400.0,455000.0,1446.5,203.73314898029727,177.9467680608365,314.55236778430697
2026-06-09,293560.0,257050.0,460000.0,1441.0,203.71963913948647,178.38306731436504,319.2227619708536
2026-06-10,291820.0,255600.0,465000.0,1432.5,203.71378708551484,178.42931937172776,324.60732984293196
2026-06-11,292500.0,254500.0,460000.0,1432.5,204.18848167539267,177.6614310645724,321.1169284467714
2026-06-12,290900.0,254710.0,460000.0,1428.0,203.71148459383753,178.36834733893556,322.12885154061627
2026-06-16,292637.0,256950.0,465000.0,1436.5,203.7152801949182,178.8722589627567,323.7034458753916
2026-06-17,293660.0,257850.0,465000.0,1441.5,203.71834894207421,178.8761706555671,322.5806451612903
2026-06-18,295610.0,259560.0,465000.0,1451.0,203.72846312887663,178.88352860096487,320.4686423156444
2026-06-19,297660.0,261360.0,465000.0,1461.0,203.73716632443532,178.8911704312115,318.27515400410675
2026-06-22,297760.0,261450.0,470000.0,1461.5,203.7358877865207,178.89154977762573,321.58741019500513
2026-06-23,299800.0,263250.0,475000.0,1471.5,203.73768263676521,178.89908256880733,322.79986408426777
2026-06-24,294000.0,264000.0,475000.0,1479.0,198.78296146044624,178.49898580121703,321.1629479377958
2026-06-25,293600.0,264240.0,480000.0,1477.0,198.7813134732566,178.90318212593095,324.9830737982397
2026-06-26,293600.0,265700.0,475000.0,1477.0,198.7813134732566,179.89167230873392,321.59783344617466
2026-06-29,294500.0,264900.0,475000.0,1481.5,198.78501518731017,178.80526493418833,320.620992237597
2026-06-30,292390.0,264400.0,475000.0,1482.0,197.29419703103915,178.40755735492579,320.5128205128205
2026-07-01,294970.0,265660.0,476000.0,1489.0,198.09939556749495,178.4150436534587,319.67763599731364
2026-07-02,291370.0,264500.0,475400.0,1488.0,195.81317204301075,177.75537634408602,319.48924731182797
2026-07-03,291460.0,265000.0,475600.0,1488.5,195.80786026200875,178.03157541148806,319.5162915686933
2026-07-06,291100.0,268900.0,480500.0,1486.5,195.8291288261016,180.8947191389169,323.2425159771275
2026-07-07,292000.0,269900.0,480500.0,1492.0,195.71045576407508,180.89812332439678,322.0509383378016
2026-07-08,291300.0,267500.0,481000.0,1488.0,195.76612903225808,179.7715053763441,323.252688172043
2026-07-13,290200.0,267500.0,490000.0,1482.0,195.81646423751687,180.49932523616735,330.63427800269903
2026-07-14,286650.0,264700.0,488000.0,1471.5,194.8012232415902,179.8844716275909,331.6343866802582
2026-07-15,285800.0,266700.0,488000.0,1474.5,193.82841641234316,180.87487283825024,330.9596473380807
2026-07-16,286065.0,267000.0,490000.0,1476.0,193.8109756097561,180.89430894308944,331.97831978319783
2026-07-17,293800.0,271765.0,495000.0,1478.0,198.78213802435724,183.87347767253044,334.9120433017591
2026-07-20,294400.0,272320.0,500000.0,1481.0,198.7846049966239,183.8757596218771,337.609723160027
2026-07-21,301000.0,274600.0,500000.0,1477.5,203.72250423011843,185.8544839255499,338.40947546531305
2026-07-22,311000.0,280100.0,508500.0,1483.0,209.71004720161835,188.87390424814566,342.88604180714765
2026-07-23,316700.0,281200.0,514500.0,1489.0,212.6930826057757,188.85157824042983,345.5339153794493
2026-07-24,311500.0,278260.0,515000.0,1497.0,208.0828323313293,185.87842351369406,344.02137608550436
2026-07-27,305040.0,278256.0,505000.0,1497.0,203.76753507014027,185.875751503006,337.34134936539743
2026-07-28,305245.0,282500.0,505500.0,1498.0,203.76835781041387,188.58477970627504,337.4499332443258
2026-07-29,307800.0,281000.0,505000.0,1496.0,205.74866310160428,187.8342245989305,337.5668449197861
2026-07-30,310590.0,279600.0,505000.0,1488.0,208.7298387096774,187.90322580645162,339.3817204301075
2026-07-31,305530.0,277490.0,500000.0,1485.0,205.74410774410774,186.86195286195286,336.7003367003367
2026-08-03,307600.0,276400.0,506000.0,1495.0,205.752508361204,184.8829431438127,338.46153846153845
2026-08-04,310800.0,275100.0,505000.0,1496.0,207.75401069518716,183.8903743315508,337.5668449197861
2026-08-05,319800.0,276600.0,505000.0,1496.5,213.6986301369863,184.83127297026394,337.45405947210156
2026-08-06,320400.0,278700.0,508000.0,1499.5,213.67122374124708,185.86195398466157,338.7795931977326
