fecha,trigo,maiz,soja
2024-01-24 03:00:00,184400.0,155000.0,275000.0
2024-01-25 03:00:00,184900.0,155500.0,275000.0
2024-01-26 03:00:00,185000.0,155000.0,267500.0
2024-01-29 03:00:00,180000.0,154000.0,265000.0
2024-01-30 03:00:00,184900.0,155000.0,269500.0
2024-01-31 03:00:00,185000.0,155000.0,265000.0
2024-02-01 03:00:00,183000.0,154900.0,265500.0
2024-02-02 03:00:00,188800.0,152000.0,265500.0
2024-02-05 03:00:00,181800.0,151000.0,265300.0
2024-02-06 03:00:00,181800.0,150000.0,265000.0
2024-02-07 03:00:00,181000.0,151000.0,261950.0
2024-02-08 03:00:00,183000.0,150000.0,261000.0
2024-02-09 03:00:00,184900.0,148000.0,260000.0
2024-02-14 03:00:00,180000.0,149800.0,253000.0
2024-02-15 03:00:00,180000.0,147500.0,250000.0
2024-02-16 03:00:00,175500.0,144400.0,250000.0
2024-02-19 03:00:00,171000.0,141500.0,245000.0
2024-02-20 03:00:00,170000.0,143000.0,247300.0
2024-02-21 03:00:00,170000.0,140800.0,245000.0
2024-02-22 03:00:00,170000.0,139500.0,240000.0
2024-02-23 03:00:00,170000.0,135000.0,240000.0
2024-02-26 03:00:00,170000.0,135100.0,240000.0
2024-02-27 03:00:00,170000.0,139800.0,241000.0
2024-02-28 03:00:00,170000.0,140500.0,242500.0
2024-02-29 03:00:00,170000.0,141000.0,243500.0
2024-03-01 03:00:00,169500.0,144000.0,248000.0
2024-03-04 03:00:00,170500.0,144000.0,249000.0
2024-03-05 03:00:00,170500.0,144000.0,250000.0
2024-03-06 03:00:00,170000.0,144500.0,250000.0
2024-03-07 03:00:00,170000.0,146000.0,249500.0
2024-03-08 03:00:00,169900.0,147000.0,250000.0
2024-03-11 03:00:00,169900.0,147000.0,248000.0
2024-03-12 03:00:00,170000.0,149000.0,250000.0
2024-03-13 03:00:00,170000.0,150000.0,251000.0
2024-03-14 03:00:00,169800.0,151500.0,251950.0
2024-03-15 03:00:00,170000.0,150000.0,251000.0
2024-03-18 03:00:00,170000.0,149000.0,253000.0
2024-03-19 03:00:00,171000.0,150000.0,256000.0
2024-03-20 03:00:00,172000.0,151000.0,260000.0
2024-03-21 03:00:00,172000.0,151000.0,264000.0
2024-03-22 03:00:00,172000.0,148300.0,259500.0
2024-03-25 03:00:00,172000.0,145000.0,254900.0
2024-03-26 03:00:00,172000.0,145000.0,250000.0
2024-03-27 03:00:00,172000.0,141000.0,245000.0
2024-04-03 03:00:00,171000.0,143700.0,242000.0
2024-04-04 03:00:00,174000.0,145000.0,245000.0
2024-04-05 03:00:00,175000.0,145000.0,250000.0
2024-04-08 03:00:00,175000.0,147000.0,247500.0
2024-04-09 03:00:00,175000.0,149000.0,250000.0
2024-04-10 03:00:00,178000.0,150000.0,250500.0
2024-04-11 03:00:00,180000.0,150500.0,251000.0
2024-04-12 03:00:00,185000.0,152500.0,252500.0
2024-04-15 03:00:00,185500.0,151000.0,251000.0
2024-04-16 03:00:00,189800.0,152000.0,251000.0
2024-04-17 03:00:00,191000.0,154000.0,251000.0
2024-04-18 03:00:00,191500.0,154000.0,249800.0
2024-04-19 03:00:00,193000.0,155000.0,250000.0
2024-04-22 03:00:00,197000.0,156500.0,250000.0
2024-04-23 03:00:00,197500.0,158000.0,250500.0
2024-04-24 03:00:00,200000.0,158500.0,250500.0
2024-04-25 03:00:00,200000.0,159700.0,251500.0
2024-04-26 03:00:00,200000.0,160000.0,252000.0
2024-04-29 03:00:00,200000.0,158000.0,252000.0
2024-04-30 03:00:00,200000.0,158000.0,250000.0
2024-05-02 03:00:00,200000.0,160000.0,255000.0
2024-05-03 03:00:00,210000.0,163000.0,261000.0
2024-05-06 03:00:00,210000.0,165000.0,265000.0
2024-05-07 03:00:00,210000.0,167000.0,271500.0
2024-05-08 03:00:00,211000.0,165000.0,274000.0
2024-05-09 03:00:00,218000.0,160000.0,260000.0
2024-05-10 03:00:00,220000.0,162000.0,260000.0
2024-05-13 03:00:00,220500.0,164700.0,261800.0
2024-05-14 03:00:00,230000.0,165000.0,263500.0
2024-05-15 03:00:00,232000.0,160500.0,269900.0
2024-05-16 03:00:00,234000.0,156500.0,270500.0
2024-05-17 03:00:00,238000.0,154000.0,272000.0
2024-05-20 03:00:00,235000.0,154500.0,277000.0
2024-05-21 03:00:00,237000.0,155000.0,278000.0
2024-05-22 03:00:00,242000.0,157000.0,284500.0
2024-05-23 03:00:00,247000.0,162000.0,289000.0
2024-05-24 03:00:00,248500.0,163000.0,285000.0
2024-05-27 03:00:00,249000.0,163000.0,285000.0
2024-05-28 03:00:00,249000.0,163000.0,285000.0
2024-05-29 03:00:00,249000.0,162500.0,289500.0
2024-05-30 03:00:00,248000.0,159000.0,289500.0
2024-05-31 03:00:00,246000.0,158000.0,290000.0
2024-06-03 03:00:00,240000.0,158000.0,285000.0
2024-06-04 03:00:00,240000.0,160000.0,282000.0
2024-06-05 03:00:00,238000.0,161500.0,282000.0
2024-06-06 03:00:00,235000.0,165000.0,290000.0
2024-06-07 03:00:00,233000.0,163500.0,285000.0
2024-06-10 03:00:00,229500.0,165000.0,290000.0
2024-06-11 03:00:00,230000.0,165000.0,291000.0
2024-06-12 03:00:00,230000.0,165500.0,292000.0
2024-06-13 03:00:00,230000.0,166800.0,293000.0
2024-06-14 03:00:00,229900.0,165000.0,293000.0
2024-06-18 03:00:00,224900.0,164000.0,285000.0
2024-06-19 03:00:00,224900.0,162800.0,285000.0
2024-06-24 03:00:00,220000.0,159000.0,286000.0
2024-06-25 03:00:00,219800.0,159000.0,280000.0
2024-06-26 03:00:00,220000.0,162000.0,281000.0
2024-06-27 03:00:00,220000.0,162300.0,280000.0
2024-06-28 03:00:00,219800.0,159500.0,280000.0
2024-07-01 03:00:00,219800.0,159500.0,283500.0
2024-07-02 03:00:00,226000.0,160500.0,286500.0
2024-07-03 03:00:00,229900.0,160000.0,286500.0
2024-07-04 03:00:00,230000.0,157500.0,285500.0
2024-07-05 03:00:00,230500.0,156200.0,290000.0
2024-07-08 03:00:00,228000.0,150000.0,281000.0
2024-07-10 03:00:00,227000.0,150000.0,280000.0
2024-07-11 03:00:00,227500.0,154850.0,285000.0
2024-07-12 03:00:00,229000.0,155000.0,285500.0
2024-07-15 03:00:00,230000.0,150500.0,280500.0
2024-07-16 03:00:00,227000.0,151500.0,285000.0
2024-07-17 03:00:00,227000.0,153500.0,285000.0
2024-07-18 03:00:00,226500.0,150500.0,285500.0
2024-07-19 03:00:00,230000.0,151000.0,285500.0
2024-07-22 03:00:00,230000.0,155000.0,290000.0
2024-07-23 03:00:00,230000.0,160000.0,290000.0
2024-07-24 03:00:00,230000.0,160000.0,290000.0
2024-07-25 03:00:00,230000.0,160000.0,293500.0
2024-07-26 03:00:00,231000.0,155800.0,285000.0
2024-07-29 03:00:00,231000.0,154900.0,285000.0
2024-07-30 03:00:00,231000.0,155000.0,285000.0
2024-07-31 03:00:00,231000.0,152000.0,282000.0
2024-08-01 03:00:00,230000.0,151800.0,285000.0
2024-08-02 03:00:00,231000.0,155000.0,285500.0
2024-08-05 03:00:00,232000.0,160000.0,290000.0
2024-08-06 03:00:00,235000.0,160000.0,290000.0
2024-08-07 03:00:00,239000.0,160000.0,287000.0
2024-08-08 03:00:00,240000.0,160000.0,285000.0
2024-08-09 03:00:00,240000.0,160000.0,285000.0
2024-08-12 03:00:00,240000.0,160000.0,280000.0
2024-08-13 03:00:00,230000.0,160000.0,280000.0
2024-08-14 03:00:00,230000.0,160000.0,280000.0
2024-08-15 03:00:00,230000.0,160000.0,285000.0
2024-08-16 03:00:00,230000.0,160000.0,285000.0
2024-08-19 03:00:00,230000.0,161000.0,289300.0
2024-08-20 03:00:00,230000.0,161800.0,291000.0
2024-08-21 03:00:00,230000.0,163000.0,293000.0
2024-08-22 03:00:00,230000.0,163000.0,290000.0
2024-08-23 03:00:00,228000.0,163000.0,291000.0
2024-08-26 03:00:00,225000.0,163000.0,293500.0
2024-08-27 03:00:00,230000.0,165000.0,297000.0
2024-08-28 03:00:00,225000.0,165000.0,295000.0
2024-08-29 03:00:00,225000.0,165000.0,300000.0
2024-08-30 03:00:00,223000.0,165000.0,297000.0
2024-09-02 03:00:00,220000.0,165000.0,295000.0
2024-09-03 03:00:00,220000.0,169500.0,300000.0
2024-09-04 03:00:00,220000.0,170000.0,300000.0
2024-09-05 03:00:00,220000.0,169900.0,295000.0
2024-09-06 03:00:00,220000.0,169000.0,292000.0
2024-09-09 03:00:00,214000.0,165000.0,295000.0
2024-09-10 03:00:00,214000.0,166500.0,293800.0
2024-09-11 03:00:00,211000.0,167000.0,295000.0
2024-09-12 03:00:00,214000.0,167000.0,297000.0
2024-09-13 03:00:00,214000.0,169900.0,295100.0
2024-09-16 03:00:00,214000.0,165500.0,295000.0
2024-09-17 03:00:00,205000.0,166250.0,295000.0
2024-09-18 03:00:00,205000.0,167500.0,300000.0
2024-09-19 03:00:00,205000.0,169500.0,300000.0
2024-09-20 03:00:00,205000.0,169500.0,300000.0
2024-09-23 03:00:00,205000.0,170000.0,300000.0
2024-09-24 03:00:00,195000.0,170000.0,300000.0
2024-09-25 03:00:00,195000.0,172000.0,300000.0
2024-09-26 03:00:00,200000.0,172000.0,305000.0
2024-09-27 03:00:00,200000.0,174950.0,305000.0
2024-09-30 03:00:00,200000.0,179000.0,310000.0
2024-10-01 03:00:00,200000.0,180000.0,315000.0
2024-10-02 03:00:00,210000.0,181800.0,315000.0
2024-10-03 03:00:00,210000.0,181500.0,310000.0
2024-10-04 03:00:00,210000.0,180500.0,310000.0
2024-10-07 03:00:00,210000.0,180000.0,305000.0
2024-10-08 03:00:00,210000.0,180000.0,305000.0
2024-10-09 03:00:00,210000.0,181000.0,300000.0
2024-10-10 03:00:00,210000.0,180500.0,300000.0
2024-10-14 03:00:00,219000.0,177000.0,300000.0
2024-10-15 03:00:00,215000.0,177500.0,303000.0
2024-10-16 03:00:00,215000.0,179000.0,305000.0
2024-10-17 03:00:00,215000.0,180000.0,305800.0
2024-10-18 03:00:00,207500.0,180000.0,310000.0
2024-10-21 03:00:00,205000.0,182000.0,311200.0
2024-10-22 03:00:00,204500.0,182900.0,310000.0
2024-10-23 03:00:00,203000.0,180000.0,312500.0
2024-10-24 03:00:00,200000.0,180000.0,314900.0
2024-10-25 03:00:00,195000.0,180000.0,308000.0
2024-10-28 03:00:00,195000.0,177800.0,305000.0
2024-10-29 03:00:00,196500.0,177800.0,302000.0
2024-10-30 03:00:00,195000.0,178000.0,305000.0
2024-10-31 03:00:00,195000.0,178000.0,303000.0
2024-11-01 03:00:00,195000.0,180000.0,301000.0
2024-11-04 03:00:00,195000.0,180000.0,306500.0
2024-11-05 03:00:00,195000.0,180000.0,306300.0
2024-11-06 03:00:00,195000.0,182000.0,309000.0
2024-11-07 03:00:00,197000.0,183000.0,310000.0
2024-11-08 03:00:00,190000.0,185200.0,309500.0
2024-11-11 03:00:00,190000.0,185000.0,305200.0
2024-11-12 03:00:00,190000.0,185000.0,305000.0
2024-11-13 03:00:00,189500.0,186300.0,301000.0
2024-11-14 03:00:00,187000.0,185000.0,300000.0
2024-11-15 03:00:00,183000.0,183000.0,304000.0
2024-11-19 03:00:00,189000.0,185000.0,300000.0
2024-11-20 03:00:00,191500.0,185000.0,299800.0
2024-11-21 03:00:00,191500.0,185000.0,295000.0
2024-11-22 03:00:00,190000.0,184000.0,292000.0
2024-11-25 03:00:00,189000.0,182500.0,295000.0
2024-11-26 03:00:00,190000.0,182500.0,294900.0
2024-11-27 03:00:00,192000.0,182800.0,295000.0
2024-11-28 03:00:00,192900.0,182000.0,293000.0
2024-11-29 03:00:00,191000.0,182000.0,293000.0
2024-12-02 03:00:00,190000.0,180000.0,290000.0
2024-12-03 03:00:00,190000.0,182800.0,295000.0
2024-12-04 03:00:00,190000.0,183000.0,295000.0
2024-12-05 03:00:00,190000.0,183000.0,295000.0
2024-12-06 03:00:00,194200.0,183000.0,296500.0
2024-12-09 03:00:00,194500.0,180500.0,295100.0
2024-12-10 03:00:00,195200.0,180500.0,297000.0
2024-12-11 03:00:00,195000.0,180500.0,297000.0
2024-12-12 03:00:00,195000.0,180500.0,295000.0
2024-12-13 03:00:00,195000.0,180000.0,291000.0
2024-12-16 03:00:00,195000.0,180000.0,290000.0
2024-12-17 03:00:00,196000.0,180500.0,285000.0
2024-12-18 03:00:00,199500.0,184800.0,280000.0
2024-12-19 03:00:00,198500.0,183500.0,280000.0
2024-12-20 03:00:00,198000.0,187000.0,280000.0
2024-12-23 03:00:00,199000.0,187000.0,281000.0
2024-12-26 03:00:00,199000.0,190000.0,286500.0
2024-12-27 03:00:00,200000.0,190000.0,285000.0
2024-12-30 03:00:00,200000.0,190000.0,285000.0
2025-01-02 03:00:00,199500.0,190000.0,290000.0
2025-01-03 03:00:00,195000.0,190000.0,285000.0
2025-01-06 03:00:00,195000.0,191900.0,289000.0
2025-01-07 03:00:00,195000.0,193800.0,288000.0
2025-01-08 03:00:00,196500.0,195000.0,287900.0
2025-01-09 03:00:00,196500.0,198000.0,288000.0
2025-01-10 03:00:00,197000.0,200000.0,292500.0
2025-01-13 03:00:00,197000.0,205000.0,295000.0
2025-01-14 03:00:00,196000.0,205000.0,295500.0
2025-01-15 03:00:00,196000.0,206000.0,295000.0
2025-01-16 03:00:00,199000.0,205000.0,285000.0
2025-01-17 03:00:00,198000.0,209000.0,290000.0
2025-01-20 03:00:00,198000.0,206500.0,290000.0
2025-01-21 03:00:00,199000.0,209300.0,293000.0
2025-01-22 03:00:00,200000.0,211500.0,295000.0
2025-01-23 03:00:00,202000.0,213000.0,295500.0
2025-01-24 03:00:00,202000.0,213000.0,295500.0
2025-01-27 03:00:00,202000.0,213000.0,295500.0
2025-01-28 03:00:00,209500.0,215000.0,310000.0
2025-01-29 03:00:00,213000.0,221500.0,315000.0
2025-01-30 03:00:00,213000.0,224000.0,315000.0
2025-01-31 03:00:00,213000.0,223000.0,315000.0
2025-02-03 03:00:00,210000.0,223000.0,315000.0
2025-02-04 03:00:00,210000.0,225000.0,320000.0
2025-02-05 03:00:00,214000.0,224000.0,320000.0
2025-02-06 03:00:00,220000.0,224000.0,320000.0
2025-02-07 03:00:00,220000.0,220000.0,322000.0
2025-02-10 03:00:00,220000.0,220000.0,322000.0
2025-02-11 03:00:00,220000.0,220000.0,325000.0
2025-02-12 03:00:00,220000.0,219000.0,320000.0
2025-02-13 03:00:00,219500.0,218000.0,325000.0
2025-02-14 03:00:00,220000.0,217000.0,330000.0
2025-02-17 03:00:00,220000.0,215000.0,330000.0
2025-02-18 03:00:00,221500.0,216000.0,331400.0
2025-02-19 03:00:00,223000.0,217000.0,331400.0
2025-02-20 03:00:00,223000.0,218000.0,332000.0
2025-02-21 03:00:00,226000.0,215000.0,330000.0
2025-02-24 03:00:00,226000.0,212000.0,326000.0
2025-02-25 03:00:00,225000.0,211500.0,330000.0
2025-02-26 03:00:00,224500.0,214500.0,330000.0
2025-02-27 03:00:00,221200.0,214800.0,331000.0
2025-02-28 03:00:00,219500.0,214800.0,322500.0
2025-03-05 03:00:00,213000.0,208500.0,318500.0
2025-03-06 03:00:00,212000.0,212000.0,329000.0
2025-03-07 03:00:00,214000.0,210000.0,330000.0
2025-03-10 03:00:00,215000.0,207500.0,328500.0
2025-03-11 03:00:00,222500.0,208000.0,329000.0
2025-03-12 03:00:00,223500.0,206000.0,320500.0
2025-03-13 03:00:00,224000.0,207500.0,320000.0
2025-03-14 03:00:00,230000.0,207000.0,320000.0
2025-03-17 03:00:00,230000.0,206500.0,321000.0
2025-03-18 03:00:00,233000.0,207400.0,325000.0
2025-03-19 03:00:00,236000.0,208500.0,327500.0
2025-03-20 03:00:00,235000.0,210000.0,328000.0
2025-03-21 03:00:00,235500.0,210000.0,327500.0
2025-03-25 03:00:00,235000.0,209000.0,330500.0
2025-03-26 03:00:00,235000.0,210000.0,340000.0
2025-03-27 03:00:00,235000.0,209000.0,343000.0
2025-03-28 03:00:00,235000.0,208000.0,343000.0
2025-03-31 03:00:00,235000.0,210000.0,343000.0
2025-04-01 03:00:00,235000.0,210000.0,315000.0
2025-04-03 03:00:00,235000.0,213500.0,315000.0
2025-04-04 03:00:00,235000.0,214500.0,310000.0
2025-04-07 03:00:00,235000.0,215000.0,310000.0
2025-04-08 03:00:00,235000.0,218000.0,320000.0
2025-04-09 03:00:00,239900.0,222000.0,324000.0
2025-04-10 03:00:00,239000.0,224500.0,325000.0
2025-04-11 03:00:00,239000.0,225000.0,330000.0
2025-04-14 03:00:00,240000.0,230000.0,330000.0
2025-04-15 03:00:00,248000.0,237500.0,335000.0
2025-04-16 03:00:00,248000.0,232000.0,317500.0
2025-04-21 03:00:00,227850.0,216000.0,302500.0
2025-04-22 03:00:00,228500.0,220000.0,304500.0
2025-04-23 03:00:00,236000.0,227000.0,308000.0
2025-04-24 03:00:00,240000.0,231000.0,315000.0
2025-04-25 03:00:00,243000.0,233000.0,310000.0
2025-04-28 03:00:00,235000.0,231000.0,310000.0
2025-04-29 03:00:00,233000.0,228000.0,302000.0
2025-04-30 03:00:00,233000.0,228000.0,290000.0
2025-05-05 03:00:00,231000.0,221000.0,308000.0
2025-05-06 03:00:00,234000.0,223500.0,316500.0
2025-05-07 03:00:00,220800.0,210000.0,303000.0
2025-05-08 03:00:00,221000.0,204000.0,300000.0
2025-05-09 03:00:00,225400.0,207000.0,310000.0
2025-05-12 03:00:00,222400.0,207000.0,310000.0
2025-05-13 03:00:00,220000.0,206000.0,304000.0
2025-05-14 03:00:00,224000.0,208000.0,305000.0
2025-05-15 03:00:00,224500.0,211000.0,308000.0
2025-05-16 03:00:00,224000.0,213000.0,311500.0
2025-05-19 03:00:00,225000.0,210000.0,312500.0
2025-05-20 03:00:00,226700.0,212000.0,315000.0
2025-05-21 03:00:00,228500.0,213000.0,315000.0
2025-05-22 03:00:00,227000.0,210000.0,314000.0
2025-05-23 03:00:00,225000.0,206000.0,307500.0
2025-05-26 03:00:00,226800.0,207000.0,311000.0
2025-05-27 03:00:00,228500.0,210800.0,314000.0
2025-05-28 03:00:00,230000.0,210000.0,310000.0
2025-05-29 03:00:00,234800.0,209700.0,317000.0
2025-05-30 03:00:00,235800.0,209000.0,320000.0
2025-06-02 03:00:00,234300.0,205000.0,320000.0
2025-06-03 03:00:00,234900.0,205200.0,322500.0
2025-06-04 03:00:00,235300.0,205000.0,323000.0
2025-06-05 03:00:00,236400.0,206500.0,323500.0
2025-06-06 03:00:00,235300.0,203700.0,321300.0
2025-06-09 03:00:00,234000.0,202900.0,320000.0
2025-06-10 03:00:00,235500.0,202800.0,320800.0
2025-06-11 03:00:00,232250.0,205000.0,326000.0
2025-06-12 03:00:00,232850.0,205000.0,323800.0
2025-06-13 03:00:00,232500.0,205500.0,327000.0
2025-06-17 03:00:00,230200.0,201000.0,326900.0
2025-06-18 03:00:00,226700.0,198000.0,318200.0
2025-06-19 03:00:00,230600.0,200000.0,319400.0
2025-06-23 03:00:00,232400.0,202000.0,319500.0
2025-06-24 03:00:00,233100.0,200000.0,323000.0
2025-06-25 03:00:00,236500.0,201000.0,321000.0
2025-06-26 03:00:00,236100.0,201800.0,321000.0
2025-06-27 03:00:00,236000.0,201500.0,321000.0
2025-06-30 03:00:00,238600.0,202100.0,321000.0
2025-07-01 03:00:00,240000.0,203000.0,321000.0
2025-07-02 03:00:00,241500.0,204000.0,315000.0
2025-07-03 03:00:00,241950.0,208700.0,315000.0
2025-07-04 03:00:00,243700.0,206000.0,315000.0
2025-07-07 03:00:00,244700.0,210000.0,315000.0
2025-07-08 03:00:00,243000.0,208500.0,315000.0
2025-07-10 03:00:00,243000.0,211820.0,320000.0
2025-07-11 03:00:00,245000.0,213000.0,323000.0
2025-07-14 03:00:00,250000.0,215900.0,330000.0
2025-07-15 03:00:00,246400.0,218000.0,330000.0
2025-07-16 03:00:00,249700.0,219900.0,330000.0
2025-07-17 03:00:00,251500.0,221000.0,335000.0
2025-07-18 03:00:00,255200.0,222000.0,340000.0
2025-07-21 03:00:00,253200.0,218000.0,338500.0
2025-07-22 03:00:00,253500.0,216000.0,336000.0
2025-07-23 03:00:00,252500.0,222000.0,340000.0
2025-07-24 03:00:00,256000.0,226100.0,341500.0
2025-07-25 03:00:00,256000.0,226100.0,345000.0
2025-07-28 03:00:00,260000.0,227600.0,360000.0
2025-07-29 03:00:00,259000.0,227600.0,365000.0
2025-07-30 03:00:00,263800.0,227600.0,370000.0
2025-07-31 03:00:00,275500.0,244350.0,385000.0
2025-08-01 03:00:00,273800.0,241200.0,389000.0
2025-08-04 03:00:00,273000.0,241100.0,395000.0
2025-08-05 03:00:00,268800.0,237500.0,392000.0
2025-08-06 03:00:00,268000.0,232800.0,390000.0
2025-08-07 03:00:00,266800.0,231800.0,390300.0
2025-08-08 03:00:00,269985.0,233100.0,390000.0
2025-08-11 03:00:00,266540.0,229770.0,385000.0
2025-08-12 03:00:00,265000.0,227000.0,390000.0
2025-08-13 03:00:00,264700.0,226900.0,390000.0
2025-08-14 03:00:00,262000.0,224600.0,384000.0
2025-08-18 03:00:00,260650.0,227000.0,380000.0
2025-08-19 03:00:00,260550.0,225300.0,380500.0
2025-08-20 03:00:00,262270.0,226500.0,385000.0
2025-08-21 03:00:00,265120.0,229200.0,390000.0
2025-08-22 03:00:00,266200.0,230500.0,392000.0
2025-08-25 03:00:00,274000.0,237450.0,400000.0
2025-08-26 03:00:00,272200.0,235800.0,400000.0
2025-08-27 03:00:00,270000.0,230500.0,394000.0
2025-08-28 03:00:00,265500.0,227700.0,387000.0
2025-08-29 03:00:00,266600.0,233275.0,389000.0
2025-09-01 03:00:00,273000.0,240000.0,395000.0
2025-09-02 03:00:00,271000.0,237000.0,400000.0
2025-09-03 03:00:00,270500.0,237000.0,395000.0
2025-09-04 03:00:00,271000.0,238000.0,400000.0
2025-09-05 03:00:00,270000.0,242300.0,400000.0
2025-09-08 03:00:00,281000.0,242300.0,410000.0
2025-09-09 03:00:00,282500.0,248000.0,415000.0
2025-09-10 03:00:00,282900.0,249000.0,420000.0
2025-09-11 03:00:00,284600.0,250500.0,425000.0
2025-09-12 03:00:00,281600.0,254900.0,435000.0
2025-09-15 03:00:00,284000.0,257500.0,440000.0
2025-09-16 03:00:00,281800.0,263000.0,440000.0
2025-09-17 03:00:00,281300.0,263800.0,440000.0
2025-09-18 03:00:00,281300.0,264000.0,440000.0
2025-09-19 03:00:00,278540.0,263900.0,439800.0
2025-09-22 03:00:00,279000.0,258800.0,505000.0
2025-09-23 03:00:00,272000.0,258400.0,493000.0
2025-09-24 03:00:00,265700.0,250000.0,461000.0
2025-09-25 03:00:00,264000.0,250000.0,449500.0
2025-09-26 03:00:00,263000.0,250000.0,453000.0
2025-09-29 03:00:00,262000.0,242000.0,475000.0
2025-09-30 03:00:00,266000.0,246780.0,480000.0
2025-10-01 03:00:00,275730.0,248800.0,495000.0
2025-10-02 03:00:00,276020.0,250540.0,499800.0
2025-10-03 03:00:00,281700.0,250000.0,495000.0
2025-10-06 03:00:00,281700.0,251000.0,495000.0
2025-10-07 03:00:00,268000.0,251500.0,494600.0
2025-10-08 03:00:00,262885.0,251000.0,494800.0
2025-10-09 03:00:00,262500.0,249700.0,499500.0
2025-10-13 03:00:00,252000.0,237180.0,464800.0
2025-10-14 03:00:00,247000.0,239000.0,464000.0
2025-10-15 03:00:00,250500.0,242700.0,470000.0
2025-10-16 03:00:00,254900.0,250500.0,470000.0
2025-10-17 03:00:00,265100.0,259400.0,480000.0
2025-10-20 03:00:00,270000.0,262200.0,475000.0
2025-10-21 03:00:00,272500.0,265200.0,480000.0
2025-10-22 03:00:00,272300.0,266000.0,480000.0
2025-10-23 03:00:00,268000.0,264600.0,480000.0
2025-10-24 03:00:00,266940.0,266940.0,480000.0
2025-10-27 03:00:00,257400.0,256700.0,480000.0
2025-10-28 03:00:00,270285.0,265200.0,490000.0
2025-10-29 03:00:00,263300.0,259714.0,481000.0
2025-10-30 03:00:00,264365.0,259360.0,475000.0
2025-10-31 03:00:00,265600.0,261000.0,480000.0
2025-11-03 03:00:00,269000.0,268100.0,490000.0
2025-11-04 03:00:00,263000.0,262000.0,480000.0
2025-11-05 03:00:00,264070.0,265500.0,483500.0
2025-11-06 03:00:00,261000.0,261200.0,480000.0
2025-11-07 03:00:00,255200.0,257300.0,476500.0
2025-11-10 03:00:00,254800.0,257300.0,480000.0
2025-11-11 03:00:00,253425.0,254150.0,480000.0
2025-11-12 03:00:00,254650.0,258150.0,480000.0
2025-11-13 03:00:00,254250.0,258500.0,486000.0
2025-11-14 03:00:00,254000.0,258000.0,478000.0
2025-11-17 03:00:00,250100.0,250800.0,484000.0
2025-11-18 03:00:00,250380.0,257300.0,485000.0
2025-11-19 03:00:00,244500.0,258500.0,480000.0
2025-11-20 03:00:00,235500.0,261000.0,480000.0
2025-11-25 03:00:00,234000.0,266100.0,490000.0
2025-11-26 03:00:00,232600.0,274400.0,500000.0
2025-11-27 03:00:00,237800.0,273800.0,500000.0
2025-11-28 03:00:00,238000.0,274075.0,500000.0
2025-12-01 03:00:00,239450.0,271190.0,500000.0
2025-12-02 03:00:00,247200.0,273000.0,500000.0
2025-12-03 03:00:00,242590.0,272900.0,495000.0
2025-12-04 03:00:00,241000.0,272650.0,494000.0
2025-12-05 03:00:00,235000.0,270940.0,490000.0
2025-12-09 03:00:00,245000.0,275000.0,490000.0
2025-12-10 03:00:00,240000.0,275000.0,496000.0
2025-12-11 03:00:00,241100.0,275000.0,500000.0
2025-12-12 03:00:00,243000.0,276500.0,497000.0
2025-12-15 03:00:00,244400.0,275900.0,497500.0
2025-12-16 03:00:00,246600.0,274000.0,495000.0
2025-12-17 03:00:00,249500.0,273980.0,490000.0
2025-12-18 03:00:00,252350.0,275400.0,494000.0
2025-12-19 03:00:00,255000.0,274000.0,492000.0
2025-12-22 03:00:00,259740.0,274170.0,494500.0
2025-12-23 03:00:00,259560.0,276864.0,495000.0
2025-12-26 03:00:00,259830.0,281480.0,500000.0
2025-12-29 03:00:00,260640.0,282360.0,498000.0
2025-12-30 03:00:00,260280.0,281970.0,500000.0
2026-01-02 03:00:00,264000.0,293000.0,498000.0
2026-01-05 03:00:00,263700.0,292000.0,500000.0
2026-01-06 03:00:00,262800.0,291700.0,504830.0
2026-01-07 03:00:00,262000.0,290200.0,504900.0
2026-01-08 03:00:00,263000.0,290500.0,505000.0
2026-01-09 03:00:00,262800.0,291200.0,505000.0
2026-01-12 03:00:00,263900.0,291700.0,505000.0
2026-01-13 03:00:00,256300.0,282000.0,500000.0
2026-01-14 03:00:00,257000.0,278700.0,500000.0
2026-01-15 03:00:00,254200.0,276400.0,495000.0
2026-01-16 03:00:00,253000.0,274300.0,485000.0
2026-01-19 03:00:00,252400.0,270845.0,485000.0
2026-01-20 03:00:00,252400.0,268000.0,485500.0
2026-01-21 03:00:00,250900.0,267200.0,480500.0
2026-01-22 03:00:00,250700.0,266400.0,479900.0
2026-01-23 03:00:00,252000.0,268000.0,475000.0
2026-01-26 03:00:00,253600.0,269300.0,470000.0
2026-01-27 03:00:00,255100.0,271600.0,475000.0
2026-01-28 03:00:00,258390.0,272745.0,475000.0
2026-01-29 03:00:00,258390.0,272745.0,475000.0
2026-01-30 03:00:00,258840.0,273220.0,476000.0
2026-02-02 03:00:00,259560.0,265000.0,470000.0
2026-02-03 03:00:00,258660.0,261534.0,475000.0
2026-02-04 03:00:00,258930.0,261500.0,475000.0
2026-02-05 03:00:00,257940.0,260500.0,480000.0
2026-02-06 03:00:00,257500.0,259700.0,476500.0
2026-02-09 03:00:00,255370.0,253260.0,470000.0
2026-02-10 03:00:00,253300.0,251460.0,465000.0
2026-02-11 03:00:00,252180.0,250380.0,465000.0
2026-02-12 03:00:00,252250.0,250000.0,465000.0
2026-02-13 03:00:00,251680.0,252376.0,465000.0
2026-02-18 03:00:00,251050.0,252400.0,465000.0
2026-02-19 03:00:00,249780.0,251160.0,465000.0
2026-02-20 03:00:00,248000.0,251500.0,456000.0
2026-02-23 03:00:00,247100.0,250520.0,455000.0
2026-02-24 03:00:00,249500.0,250300.0,455000.0
2026-02-25 03:00:00,251600.0,247500.0,460000.0
2026-02-26 03:00:00,253250.0,244825.0,465000.0
2026-02-27 03:00:00,250000.0,242900.0,465000.0
2026-03-02 03:00:00,250900.0,236300.0,460000.0
2026-03-03 03:00:00,254500.0,242000.0,465000.0
2026-03-04 03:00:00,251850.0,239350.0,460000.0
2026-03-05 03:00:00,253000.0,239000.0,460000.0
2026-03-06 03:00:00,260000.0,251000.0,465000.0
2026-03-09 03:00:00,257500.0,253260.0,465000.0
2026-03-10 03:00:00,254550.0,247600.0,461500.0
2026-03-11 03:00:00,253800.0,250300.0,465000.0
2026-03-12 03:00:00,253000.0,256320.0,470000.0
2026-03-13 03:00:00,254550.0,251800.0,475000.0
2026-03-16 03:00:00,253820.0,245000.0,465000.0
2026-03-17 03:00:00,255000.0,242000.0,474500.0
2026-03-18 03:00:00,255000.0,242500.0,480000.0
2026-03-19 03:00:00,256320.0,243850.0,485000.0
2026-03-20 03:00:00,257000.0,243150.0,485000.0
2026-03-25 03:00:00,253500.0,237500.0,483000.0
2026-03-26 03:00:00,251415.0,236000.0,484000.0
2026-03-27 03:00:00,254100.0,236250.0,440000.0
2026-03-30 03:00:00,256965.0,238215.0,440000.0
2026-03-31 03:00:00,251300.0,240000.0,440000.0
2026-04-01 03:00:00,258300.0,246500.0,440000.0
2026-04-06 03:00:00,257400.0,253000.0,440000.0
2026-04-07 03:00:00,256000.0,253000.0,440000.0
2026-04-08 03:00:00,256000.0,252300.0,440000.0
2026-04-09 03:00:00,260680.0,253820.0,432000.0
2026-04-10 03:00:00,258600.0,250400.0,440000.0
2026-04-13 03:00:00,256000.0,248825.0,430000.0
2026-04-14 03:00:00,258800.0,251300.0,430500.0
2026-04-15 03:00:00,262000.0,251500.0,430000.0
2026-04-16 03:00:00,263100.0,252500.0,430000.0
2026-04-17 03:00:00,264330.0,253480.0,430000.0
2026-04-20 03:00:00,266760.0,257184.0,430000.0
2026-04-21 03:00:00,273300.0,259640.0,430000.0
2026-04-22 03:00:00,273800.0,260110.0,430000.0
2026-04-23 03:00:00,276600.0,261400.0,430000.0
2026-04-24 03:00:00,278100.0,260100.0,430000.0
2026-04-27 03:00:00,281600.0,265400.0,429000.0
2026-04-28 03:00:00,283000.0,265145.0,430000.0
2026-04-29 03:00:00,283412.0,262675.0,430000.0
2026-04-30 03:00:00,283310.0,262500.0,422000.0
2026-05-04 03:00:00,288000.0,264765.0,430000.0
2026-05-05 03:00:00,287800.0,262960.0,440000.0
2026-05-06 03:00:00,288200.0,262000.0,435000.0
2026-05-07 03:00:00,290576.0,262143.0,439800.0
2026-05-08 03:00:00,295160.0,263215.0,444000.0
2026-05-11 03:00:00,295160.0,262000.0,450000.0
2026-05-12 03:00:00,295625.0,261250.0,455000.0
2026-05-13 03:00:00,297345.0,262770.0,461000.0
2026-05-14 03:00:00,299900.0,254300.0,460000.0
2026-05-15 03:00:00,300000.0,249500.0,460200.0
2026-05-18 03:00:00,301200.0,256780.0,470000.0
2026-05-19 03:00:00,301400.0,256965.0,465000.0
2026-05-20 03:00:00,298420.0,256780.0,460000.0
2026-05-21 03:00:00,291300.0,253000.0,460000.0
2026-05-22 03:00:00,292740.0,254000.0,460000.0
2026-05-26 03:00:00,298700.0,254460.0,461000.0
2026-05-27 03:00:00,298950.0,254735.0,464000.0
2026-05-28 03:00:00,298400.0,254900.0,465000.0
2026-05-29 03:00:00,299300.0,254620.0,465000.0
2026-06-01 03:00:00,303240.0,255760.0,465000.0
2026-06-02 03:00:00,304700.0,255240.0,465000.0
2026-06-03 03:00:00,306000.0,257310.0,465000.0
2026-06-04 03:00:00,304000.0,255500.0,455000.0
2026-06-05 03:00:00,304000.0,254800.0,455000.0
2026-06-08 03:00:00,294700.0,257400.0,455000.0
2026-06-09 03:00:00,293560.0,257050.0,460000.0
2026-06-10 03:00:00,291820.0,255600.0,465000.0
2026-06-11 03:00:00,292500.0,254500.0,460000.0
2026-06-12 03:00:00,290900.0,254710.0,460000.0
2026-06-16 03:00:00,292637.0,256950.0,465000.0
2026-06-17 03:00:00,293660.0,257850.0,465000.0
2026-06-18 03:00:00,295610.0,259560.0,465000.0
2026-06-19 03:00:00,297660.0,261360.0,465000.0
2026-06-22 03:00:00,297760.0,261450.0,470000.0
2026-06-23 03:00:00,299800.0,263250.0,475000.0
2026-06-24 03:00:00,294000.0,264000.0,475000.0
2026-06-25 03:00:00,293600.0,264240.0,480000.0
2026-06-26 03:00:00,293600.0,265700.0,475000.0
2026-06-29 03:00:00,294500.0,264900.0,475000.0
2026-06-30 03:00:00,292390.0,264400.0,475000.0
2026-07-01 03:00:00,294970.0,265660.0,476000.0
2026-07-02 03:00:00,291370.0,264500.0,475400.0
2026-07-03 03:00:00,291460.0,265000.0,475600.0
2026-07-06 03:00:00,291100.0,268900.0,480500.0
2026-07-07 03:00:00,292000.0,269900.0,480500.0
2026-07-08 03:00:00,291300.0,267500.0,481000.0
2026-07-13 03:00:00,290200.0,267500.0,490000.0
2026-07-14 03:00:00,286650.0,264700.0,488000.0
2026-07-15 03:00:00,285800.0,266700.0,488000.0
2026-07-16 03:00:00,286065.0,267000.0,490000.0
2026-07-17 03:00:00,293800.0,271765.0,495000.0
2026-07-20 03:00:00,294400.0,272320.0,500000.0
2026-07-21 03:00:00,301000.0,274600.0,500000.0
2026-07-22 03:00:00,311000.0,280100.0,508500.0
2026-07-23 03:00:00,316700.0,281200.0,514500.0
2026-07-24 03:00:00,311500.0,278260.0,515000.0
2026-07-27 03:00:00,305040.0,278256.0,505000.0
2026-07-28 03:00:00,305245.0,282500.0,505500.0
2026-07-29 03:00:00,307800.0,281000.0,505000.0
2026-07-30 03:00:00,310590.0,279600.0,505000.0
2026-07-31 03:00:00,305530.0,277490.0,500000.0
2026-08-03 03:00:00,307600.0,276400.0,506000.0
2026-08-04 03:00:00,310800.0,275100.0,505000.0
2026-08-05 03:00:00,319800.0,276600.0,505000.0
2026-08-06 03:00:00,320400.0,278700.0,508000.0
